Sport,PositionGroup,PlayerName,Aliases,CareerStage,RoleTier
MLB,OUTFIELDER,Aaron Judge,,PRIME,FRANCHISE_CORE
MLB,PITCHER,Aaron Nola,,PRIME,SOLID_STARTER
MLB,CATCHER,Adley Rutschman,,PRIME,FRANCHISE_CORE
MLB,INFIELDER,Albert Pujols,,RETIRED_HOF,RETIRED_ICON
MLB,INFIELDER,Alex Bregman,,PRIME,FRANCHISE_CORE
MLB,OUTFIELDER,Alex Verdugo,,PRIME,SOLID_STARTER
MLB,OUTFIELDER,Andrew McCutchen,,VETERAN,SOLID_STARTER
MLB,INFIELDER,Anthony Rizzo,,VETERAN,SOLID_STARTER
MLB,OUTFIELDER,Anthony Santander,,PRIME,SOLID_STARTER
MLB,PITCHER,Aroldis Chapman,,VETERAN,UNCERTAIN_ROLE
MLB,INFIELDER,Austin Riley,,PRIME,FRANCHISE_CORE
MLB,OUTFIELDER,Babe Ruth,,RETIRED_HOF,RETIRED_ICON
MLB,OUTFIELDER,Barry Bonds,,RETIRED_HOF,RETIRED_ICON
MLB,PITCHER,Blake Snell,,PRIME,FRANCHISE_CORE
MLB,PITCHER,Blake Treinen,,VETERAN,UNCERTAIN_ROLE
MLB,INFIELDER,Bo Bichette,,PRIME,FRANCHISE_CORE
MLB,INFIELDER,Bobby Witt Jr.,,PRIME,FRANCHISE_CORE
MLB,INFIELDER,Brandon Lowe,,PRIME,SOLID_STARTER
MLB,OUTFIELDER,Brandon Nimmo,,PRIME,SOLID_STARTER
MLB,OUTFIELDER,Bryan Reynolds,,PRIME,FRANCHISE_CORE
MLB,OUTFIELDER,Bryce Harper,,PRIME,FRANCHISE_CORE
MLB,PITCHER,Bryce Miller,,PRIME,SOLID_STARTER
MLB,INFIELDER,Bryce Turang,,PRIME,SOLID_STARTER
MLB,INFIELDER,Bryson Stott,,PRIME,SOLID_STARTER
MLB,CATCHER,Buster Posey,,RETIRED_HOF,RETIRED_ICON
MLB,OUTFIELDER,Byron Buxton,,PRIME,SOLID_STARTER
MLB,CATCHER,Cal Raleigh,,PRIME,FRANCHISE_CORE
MLB,INFIELDER,Cal Ripken Jr.,,RETIRED_HOF,RETIRED_ICON
MLB,PITCHER,Camilo Doval,,PRIME,FRANCHISE_CORE
MLB,INFIELDER,Carlos Correa,,PRIME,FRANCHISE_CORE
MLB,PITCHER,Carlos Rodón,,PRIME,SOLID_STARTER
MLB,OUTFIELDER,Ceddanne Rafaela,,YEAR_3,SOLID_STARTER
MLB,OUTFIELDER,Cedric Mullins,,PRIME,SOLID_STARTER
MLB,PITCHER,Chris Sale,,VETERAN,SOLID_STARTER
MLB,INFIELDER,Christian Walker,,PRIME,SOLID_STARTER
MLB,OUTFIELDER,Christian Yelich,,PRIME,SOLID_STARTER
MLB,PITCHER,Clayton Kershaw,,VETERAN,FRANCHISE_CORE
MLB,OUTFIELDER,Cody Bellinger,,PRIME,SOLID_STARTER
MLB,INFIELDER,Colt Keith,,YEAR_2,SOLID_STARTER
MLB,PITCHER,Corbin Burnes,,PRIME,FRANCHISE_CORE
MLB,OUTFIELDER,Corbin Carroll,,PRIME,FRANCHISE_CORE
MLB,INFIELDER,Corey Seager,,PRIME,FRANCHISE_CORE
MLB,INFIELDER,Dansby Swanson,,PRIME,SOLID_STARTER
MLB,INFIELDER,Derek Jeter,,RETIRED_HOF,RETIRED_ICON
MLB,PITCHER,Dylan Cease,,PRIME,FRANCHISE_CORE
MLB,PITCHER,Edwin Díaz,,PRIME,FRANCHISE_CORE
MLB,INFIELDER,Elly De La Cruz,,YEAR_3,FRANCHISE_CORE
MLB,PITCHER,Emmanuel Clase,,PRIME,FRANCHISE_CORE
MLB,OUTFIELDER,Evan Carter,,YEAR_3,FRANCHISE_CORE
MLB,INFIELDER,Eugenio Suárez,,VETERAN,SOLID_STARTER
MLB,CATCHER,Gabe Moreno,,YEAR_4,SOLID_STARTER
MLB,OUTFIELDER,Fernando Tatis Jr.,,PRIME,FRANCHISE_CORE
MLB,PITCHER,Framber Valdez,,PRIME,FRANCHISE_CORE
MLB,CATCHER,Francisco Alvarez,,PRIME,FRANCHISE_CORE
MLB,INFIELDER,Francisco Lindor,,PRIME,FRANCHISE_CORE
MLB,INFIELDER,Freddie Freeman,,PRIME,FRANCHISE_CORE
MLB,INFIELDER,Gunnar Henderson,,YEAR_4,FRANCHISE_CORE
MLB,PITCHER,Gavin Williams,,PRIME,SOLID_STARTER
MLB,PITCHER,George Kirby,,PRIME,FRANCHISE_CORE
MLB,OUTFIELDER,George Springer,,VETERAN,SOLID_STARTER
MLB,PITCHER,Gerrit Cole,,PRIME,FRANCHISE_CORE
MLB,OUTFIELDER,Giancarlo Stanton,,VETERAN,SOLID_STARTER
MLB,PITCHER,Grayson Rodriguez,,PRIME,FRANCHISE_CORE
MLB,OUTFIELDER,Heston Kjerstad,,YEAR_3,UNCERTAIN_ROLE
MLB,INFIELDER,Ha-Seong Kim,,PRIME,SOLID_STARTER
MLB,OUTFIELDER,Hank Aaron,,RETIRED_HOF,RETIRED_ICON
MLB,OUTFIELDER,Jackson Chourio,,YEAR_2,FRANCHISE_CORE
MLB,PITCHER,Hunter Greene,,PRIME,FRANCHISE_CORE
MLB,OUTFIELDER,Ian Happ,,PRIME,SOLID_STARTER
MLB,OUTFIELDER,Ichiro Suzuki,,RETIRED_HOF,RETIRED_ICON
MLB,INFIELDER,Isaac Paredes,,PRIME,SOLID_STARTER
MLB,CATCHER,J.T. Realmuto,,PRIME,FRANCHISE_CORE
MLB,PITCHER,Jack Flaherty,,PRIME,SOLID_STARTER
MLB,INFIELDER,Jackie Robinson,,RETIRED_HOF,RETIRED_ICON
MLB,INFIELDER,Jackson Holliday,,YEAR_2,FRANCHISE_CORE
MLB,OUTFIELDER,James Wood,,YEAR_2,FRANCHISE_CORE
MLB,PITCHER,Jacob deGrom,,VETERAN,FRANCHISE_CORE
MLB,OUTFIELDER,Jasson Dominguez,,YEAR_3,FRANCHISE_CORE
MLB,INFIELDER,Jordan Lawlar,,YEAR_3,FRANCHISE_CORE
MLB,INFIELDER,Jazz Chisholm Jr.,,PRIME,FRANCHISE_CORE
MLB,CATCHER,Joe Mauer,,RETIRED_HOF,RETIRED_ICON
MLB,PITCHER,Joe Ryan,,PRIME,SOLID_STARTER
MLB,OUTFIELDER,Joey Gallo,,PRIME,UNCERTAIN_ROLE
MLB,INFIELDER,Joey Votto,,VETERAN,OUT_OF_LEAGUE
MLB,INFIELDER,Jonathan India,,PRIME,SOLID_STARTER
MLB,INFIELDER,Junior Caminero,,YEAR_3,FRANCHISE_CORE
MLB,PITCHER,Jordan Montgomery,,PRIME,SOLID_STARTER
MLB,OUTFIELDER,Jordan Walker,,PRIME,FRANCHISE_CORE
MLB,OUTFIELDER,Jorge Soler,,PRIME,SOLID_STARTER
MLB,INFIELDER,Jose Altuve,,PRIME,FRANCHISE_CORE
MLB,PITCHER,Jose Alvarado,,PRIME,SOLID_STARTER
MLB,INFIELDER,Jose Ramirez,,PRIME,FRANCHISE_CORE
MLB,INFIELDER,Josh Bell,,PRIME,UNCERTAIN_ROLE
MLB,PITCHER,Josh Hader,,PRIME,FRANCHISE_CORE
MLB,INFIELDER,Josh Naylor,,PRIME,FRANCHISE_CORE
MLB,OUTFIELDER,Juan Soto,,PRIME,FRANCHISE_CORE
MLB,OUTFIELDER,Julio Rodriguez,,PRIME,FRANCHISE_CORE
MLB,PITCHER,Kyle Harrison,,YEAR_3,SOLID_STARTER
MLB,PITCHER,Justin Verlander,,VETERAN,FRANCHISE_CORE
MLB,OUTFIELDER,Ken Griffey Jr.,,RETIRED_HOF,RETIRED_ICON
MLB,INFIELDER,Ketel Marte,,PRIME,FRANCHISE_CORE
MLB,PITCHER,Kevin Gausman,,PRIME,SOLID_STARTER
MLB,PITCHER,Kodai Senga,,PRIME,FRANCHISE_CORE
MLB,PITCHER,Kyle Bradish,,PRIME,FRANCHISE_CORE
MLB,OUTFIELDER,Lawrence Butler,,YEAR_3,FRANCHISE_CORE
MLB,OUTFIELDER,Kyle Tucker,,PRIME,FRANCHISE_CORE
MLB,OUTFIELDER,Lane Thomas,,PRIME,SOLID_STARTER
MLB,INFIELDER,Marcelo Mayer,,ROOKIE,FRANCHISE_CORE
MLB,PITCHER,Logan Gilbert,,PRIME,FRANCHISE_CORE
MLB,PITCHER,Logan Webb,,PRIME,FRANCHISE_CORE
MLB,INFIELDER,Lou Gehrig,,RETIRED_HOF,RETIRED_ICON
MLB,PITCHER,Luis Castillo,,PRIME,FRANCHISE_CORE
MLB,OUTFIELDER,Luis Robert Jr.,,PRIME,FRANCHISE_CORE
MLB,INFIELDER,Manny Machado,,PRIME,FRANCHISE_CORE
MLB,OUTFIELDER,Marcell Ozuna,,PRIME,SOLID_STARTER
MLB,INFIELDER,Masyn Winn,,YEAR_3,FRANCHISE_CORE
MLB,INFIELDER,Marcus Semien,,PRIME,FRANCHISE_CORE
MLB,PITCHER,Mariano Rivera,,RETIRED_HOF,RETIRED_ICON
MLB,PITCHER,Masahiro Tanaka,,VETERAN,OUT_OF_LEAGUE
MLB,OUTFIELDER,Masataka Yoshida,,PRIME,SOLID_STARTER
MLB,INFIELDER,Matt McLain,,YEAR_3,FRANCHISE_CORE
MLB,INFIELDER,Matt Carpenter,,VETERAN,OUT_OF_LEAGUE
MLB,INFIELDER,Matt Chapman,,PRIME,FRANCHISE_CORE
MLB,INFIELDER,Michael Busch,,YEAR_2,SOLID_STARTER
MLB,INFIELDER,Matt Olson,,PRIME,FRANCHISE_CORE
MLB,INFIELDER,Matt Reynolds,,PRIME,BACKUP_OR_FRINGE
MLB,OUTFIELDER,Matt Vierling,,PRIME,SOLID_STARTER
MLB,PITCHER,Max Fried,,PRIME,FRANCHISE_CORE
MLB,INFIELDER,Max Muncy,,PRIME,FRANCHISE_CORE
MLB,PITCHER,Max Scherzer,,VETERAN,FRANCHISE_CORE
MLB,INFIELDER,Noelvi Marte,,YEAR_3,SOLID_STARTER
MLB,OUTFIELDER,Michael Harris II,,PRIME,FRANCHISE_CORE
MLB,OUTFIELDER,Mickey Mantle,,RETIRED_HOF,RETIRED_ICON
MLB,CATCHER,Mike Piazza,,RETIRED_HOF,RETIRED_ICON
MLB,OUTFIELDER,Mike Trout,,PRIME,FRANCHISE_CORE
MLB,OUTFIELDER,Mookie Betts,,PRIME,FRANCHISE_CORE
MLB,OUTFIELDER,Nick Castellanos,,PRIME,SOLID_STARTER
MLB,INFIELDER,Nico Hoerner,,PRIME,FRANCHISE_CORE
MLB,PITCHER,Paul Skenes,,YEAR_2,FRANCHISE_CORE
MLB,INFIELDER,Nolan Arenado,,PRIME,FRANCHISE_CORE
MLB,PITCHER,Nolan Ryan,,RETIRED_HOF,RETIRED_ICON
MLB,PITCHER,Shohei Ohtani,,PRIME,FRANCHISE_CORE
MLB,INFIELDER,Omar,,OUT_OF_LEAGUE,OUT_OF_LEAGUE
MLB,CATCHER,Omar Narvaez,,VETERAN,SOLID_STARTER
MLB,INFIELDER,Oneil Cruz,,PRIME,FRANCHISE_CORE
MLB,INFIELDER,Ozzie Albies,,PRIME,FRANCHISE_CORE
MLB,OUTFIELDER,Julio Rodriguez,,PRIME,FRANCHISE_CORE
MLB,OUTFIELDER,Pete Crow-Armstrong,,YEAR_3,FRANCHISE_CORE
MLB,PITCHER,Justin Verlander,,VETERAN,FRANCHISE_CORE
MLB,OUTFIELDER,Ken Griffey Jr.,,RETIRED_HOF,RETIRED_ICON
MLB,INFIELDER,Ketel Marte,,PRIME,FRANCHISE_CORE
MLB,PITCHER,Kevin Gausman,,PRIME,SOLID_STARTER
MLB,PITCHER,Kodai Senga,,PRIME,FRANCHISE_CORE
MLB,PITCHER,Kyle Bradish,,PRIME,FRANCHISE_CORE
MLB,PITCHER,Roki Sasaki,,YEAR_2,FRANCHISE_CORE
MLB,OUTFIELDER,Kyle Tucker,,PRIME,FRANCHISE_CORE
MLB,OUTFIELDER,Lane Thomas,,PRIME,SOLID_STARTER
MLB,INFIELDER,Royce Lewis,,YEAR_4,FRANCHISE_CORE
MLB,PITCHER,Logan Gilbert,,PRIME,FRANCHISE_CORE
MLB,PITCHER,Logan Webb,,PRIME,FRANCHISE_CORE
MLB,INFIELDER,Lou Gehrig,,RETIRED_HOF,RETIRED_ICON
MLB,PITCHER,Luis Castillo,,PRIME,FRANCHISE_CORE
MLB,OUTFIELDER,Luis Robert Jr.,,PRIME,FRANCHISE_CORE
MLB,INFIELDER,Manny Machado,,PRIME,FRANCHISE_CORE
MLB,OUTFIELDER,Marcell Ozuna,,PRIME,SOLID_STARTER
MLB,OUTFIELDER,Sal Frelick,,YEAR_3,SOLID_STARTER
MLB,INFIELDER,Marcus Semien,,PRIME,FRANCHISE_CORE
MLB,PITCHER,Mariano Rivera,,RETIRED_HOF,RETIRED_ICON
MLB,PITCHER,Masahiro Tanaka,,VETERAN,OUT_OF_LEAGUE
MLB,OUTFIELDER,Masataka Yoshida,,PRIME,SOLID_STARTER
MLB,PITCHER,Shota Imanaga,,YEAR_2,FRANCHISE_CORE
MLB,INFIELDER,Matt Carpenter,,VETERAN,OUT_OF_LEAGUE
MLB,INFIELDER,Matt Chapman,,PRIME,FRANCHISE_CORE
MLB,PITCHER,Tanner Bibee,,YEAR_3,FRANCHISE_CORE
MLB,INFIELDER,Matt Olson,,PRIME,FRANCHISE_CORE
MLB,INFIELDER,Matt Reynolds,,PRIME,BACKUP_OR_FRINGE
MLB,OUTFIELDER,Matt Vierling,,PRIME,SOLID_STARTER
MLB,PITCHER,Max Fried,,PRIME,FRANCHISE_CORE
MLB,INFIELDER,Max Muncy,,PRIME,FRANCHISE_CORE
MLB,PITCHER,Max Scherzer,,VETERAN,FRANCHISE_CORE
MLB,OUTFIELDER,Wyatt Langford,,YEAR_2,FRANCHISE_CORE
MLB,OUTFIELDER,Michael Harris II,,PRIME,FRANCHISE_CORE
MLB,OUTFIELDER,Mickey Mantle,,RETIRED_HOF,RETIRED_ICON
MLB,CATCHER,Mike Piazza,,RETIRED_HOF,RETIRED_ICON
MLB,OUTFIELDER,Mike Trout,,PRIME,FRANCHISE_CORE
MLB,OUTFIELDER,Mookie Betts,,PRIME,FRANCHISE_CORE
MLB,OUTFIELDER,Nick Castellanos,,PRIME,SOLID_STARTER
MLB,INFIELDER,Nico Hoerner,,PRIME,FRANCHISE_CORE
MLB,PITCHER,Yoshinobu Yamamoto,,YEAR_2,FRANCHISE_CORE
MLB,INFIELDER,Nolan Arenado,,PRIME,FRANCHISE_CORE
MLB,PITCHER,Nolan Ryan,,RETIRED_HOF,RETIRED_ICON
MLB,PITCHER,Shohei Ohtani,,PRIME,FRANCHISE_CORE
MLB,INFIELDER,Omar,,OUT_OF_LEAGUE,OUT_OF_LEAGUE
MLB,CATCHER,Omar Narvaez,,VETERAN,UNCERTAIN_ROLE
MLB,INFIELDER,Oneil Cruz,,PRIME,FRANCHISE_CORE
MLB,INFIELDER,Ozzie Albies,,PRIME,FRANCHISE_CORE
MLB,PITCHER,Pablo Lopez,,PRIME,FRANCHISE_CORE
MLB,INFIELDER,Paul DeJong,,PRIME,BACKUP_OR_FRINGE
MLB,INFIELDER,Paul Goldschmidt,,PRIME,FRANCHISE_CORE
NBA,GUARD,Ace Bailey,,ROOKIE,SOLID_STARTER
MLB,INFIELDER,Pete Alonso,,PRIME,FRANCHISE_CORE
NBA,BIG,Alexandre Sarr,,YEAR_2,FRANCHISE_CORE
MLB,INFIELDER,Rafael Devers,,PRIME,FRANCHISE_CORE
MLB,PITCHER,Reid Detmers,,PRIME,SOLID_STARTER
MLB,INFIELDER,Rhys Hoskins,,PRIME,SOLID_STARTER
MLB,OUTFIELDER,Riley Greene,,PRIME,FRANCHISE_CORE
MLB,OUTFIELDER,Roberto Clemente,,RETIRED_HOF,RETIRED_ICON
NBA,WING,Amen Thompson,,YEAR_3,FRANCHISE_CORE
MLB,OUTFIELDER,Ronald Acuna Jr.,,PRIME,FRANCHISE_CORE
NBA,WING,Ausar Thompson,,YEAR_3,FRANCHISE_CORE
MLB,PITCHER,Ryan Helsley,,PRIME,FRANCHISE_CORE
NBA,WING,Brandon Miller,,YEAR_3,FRANCHISE_CORE
MLB,CATCHER,Salvador Perez,,PRIME,FRANCHISE_CORE
MLB,PITCHER,Sandy Alcantara,,PRIME,FRANCHISE_CORE
MLB,PITCHER,Sandy Koufax,,RETIRED_HOF,RETIRED_ICON
MLB,CATCHER,Sean Murphy,,PRIME,FRANCHISE_CORE
MLB,OUTFIELDER,Seiya Suzuki,,PRIME,FRANCHISE_CORE
MLB,PITCHER,Shane Bieber,,PRIME,FRANCHISE_CORE
MLB,PITCHER,Shohei Ohtani,,PRIME,FRANCHISE_CORE
MLB,PITCHER,Shota Imanaga,,PRIME,FRANCHISE_CORE
MLB,PITCHER,Sonny Gray,,PRIME,SOLID_STARTER
MLB,PITCHER,Spencer Strider,,PRIME,FRANCHISE_CORE
MLB,INFIELDER,Spencer Torkelson,,PRIME,SOLID_STARTER
MLB,OUTFIELDER,Stan Musial,,RETIRED_HOF,RETIRED_ICON
MLB,OUTFIELDER,Starling Marte,,VETERAN,SOLID_STARTER
MLB,PITCHER,Tanner Bibee,,PRIME,FRANCHISE_CORE
MLB,PITCHER,Tarik Skubal,,PRIME,FRANCHISE_CORE
MLB,OUTFIELDER,Ted Williams,,RETIRED_HOF,RETIRED_ICON
MLB,OUTFIELDER,Teoscar Hernandez,,PRIME,SOLID_STARTER
MLB,INFIELDER,Tim Anderson,,PRIME,UNCERTAIN_ROLE
MLB,INFIELDER,Tommy Edman,,PRIME,SOLID_STARTER
MLB,INFIELDER,Trea Turner,,PRIME,FRANCHISE_CORE
MLB,INFIELDER,Trevor Story,,PRIME,SOLID_STARTER
MLB,OUTFIELDER,Ty Cobb,,RETIRED_HOF,RETIRED_ICON
MLB,PITCHER,Tyler Glasnow,,PRIME,FRANCHISE_CORE
MLB,OUTFIELDER,Tyler O'Neill,,PRIME,SOLID_STARTER
MLB,INFIELDER,Vladimir Guerrero Jr.,,PRIME,FRANCHISE_CORE
MLB,PITCHER,Walker Buehler,,PRIME,FRANCHISE_CORE
MLB,INFIELDER,Wander Franco,,PRIME,OUT_OF_LEAGUE
MLB,CATCHER,Will Smith,,PRIME,FRANCHISE_CORE
MLB,CATCHER,William Contreras,,PRIME,FRANCHISE_CORE
MLB,OUTFIELDER,Willie Mays,,RETIRED_HOF,RETIRED_ICON
MLB,CATCHER,Willson Contreras,,PRIME,SOLID_STARTER
NBA,WING,Cooper Flagg,,ROOKIE,FRANCHISE_CORE
MLB,PITCHER,Pablo Lopez,,PRIME,FRANCHISE_CORE
MLB,INFIELDER,Paul DeJong,,PRIME,BACKUP_OR_FRINGE
MLB,INFIELDER,Paul Goldschmidt,,VETERAN,FRANCHISE_CORE
NBA,WING,Dalton Knecht,,YEAR_2,SOLID_STARTER
MLB,INFIELDER,Pete Alonso,,PRIME,FRANCHISE_CORE
NBA,BIG,Dereck Lively II,,YEAR_3,FRANCHISE_CORE
MLB,INFIELDER,Rafael Devers,,PRIME,FRANCHISE_CORE
MLB,PITCHER,Reid Detmers,,PRIME,SOLID_STARTER
MLB,INFIELDER,Rhys Hoskins,,PRIME,SOLID_STARTER
MLB,OUTFIELDER,Riley Greene,,PRIME,FRANCHISE_CORE
MLB,OUTFIELDER,Roberto Clemente,,RETIRED_HOF,RETIRED_ICON
NBA,BIG,Donovan Clingan,,YEAR_2,SOLID_STARTER
MLB,OUTFIELDER,Ronald Acuna Jr.,,PRIME,FRANCHISE_CORE
NBA,WING,Gradey Dick,,YEAR_3,SOLID_STARTER
MLB,PITCHER,Ryan Helsley,,PRIME,FRANCHISE_CORE
NBA,GUARD,Jared McCain,,YEAR_2,SOLID_STARTER
MLB,CATCHER,Salvador Perez,,VETERAN,FRANCHISE_CORE
MLB,PITCHER,Sandy Alcantara,,PRIME,FRANCHISE_CORE
MLB,PITCHER,Sandy Koufax,,RETIRED_HOF,RETIRED_ICON
MLB,CATCHER,Sean Murphy,,PRIME,FRANCHISE_CORE
MLB,OUTFIELDER,Seiya Suzuki,,PRIME,FRANCHISE_CORE
MLB,PITCHER,Shane Bieber,,PRIME,FRANCHISE_CORE
MLB,PITCHER,Shohei Ohtani,,PRIME,FRANCHISE_CORE
NBA,GUARD,Keyonte George,,YEAR_3,SOLID_STARTER
MLB,PITCHER,Sonny Gray,,VETERAN,SOLID_STARTER
MLB,PITCHER,Spencer Strider,,PRIME,FRANCHISE_CORE
MLB,INFIELDER,Spencer Torkelson,,PRIME,SOLID_STARTER
MLB,OUTFIELDER,Stan Musial,,RETIRED_HOF,RETIRED_ICON
MLB,OUTFIELDER,Starling Marte,,VETERAN,SOLID_STARTER
NBA,GUARD,Reed Sheppard,,YEAR_2,SOLID_STARTER
MLB,PITCHER,Tarik Skubal,,PRIME,FRANCHISE_CORE
MLB,OUTFIELDER,Ted Williams,,RETIRED_HOF,RETIRED_ICON
MLB,OUTFIELDER,Teoscar Hernandez,,VETERAN,SOLID_STARTER
MLB,INFIELDER,Tim Anderson,,VETERAN,UNCERTAIN_ROLE
MLB,INFIELDER,Tommy Edman,,PRIME,SOLID_STARTER
MLB,INFIELDER,Trea Turner,,VETERAN,FRANCHISE_CORE
MLB,INFIELDER,Trevor Story,,VETERAN,SOLID_STARTER
MLB,OUTFIELDER,Ty Cobb,,RETIRED_HOF,RETIRED_ICON
MLB,PITCHER,Tyler Glasnow,,VETERAN,FRANCHISE_CORE
MLB,OUTFIELDER,Tyler O'Neill,,PRIME,SOLID_STARTER
MLB,INFIELDER,Vladimir Guerrero Jr.,,PRIME,FRANCHISE_CORE
MLB,PITCHER,Walker Buehler,,PRIME,FRANCHISE_CORE
MLB,INFIELDER,Wander Franco,,PRIME,OUT_OF_LEAGUE
MLB,CATCHER,Will Smith,,PRIME,FRANCHISE_CORE
MLB,CATCHER,William Contreras,,PRIME,FRANCHISE_CORE
MLB,OUTFIELDER,Willie Mays,,RETIRED_HOF,RETIRED_ICON
MLB,CATCHER,Willson Contreras,,PRIME,SOLID_STARTER
NBA,GUARD,Scoot Henderson,,YEAR_3,FRANCHISE_CORE
MLB,INFIELDER,Xander Bogaerts,,PRIME,FRANCHISE_CORE
MLB,CATCHER,Yadier Molina,,RETIRED_HOF,RETIRED_ICON
MLB,OUTFIELDER,Yordan Alvarez,,PRIME,FRANCHISE_CORE
NBA,GUARD,Stephon Castle,,YEAR_2,SOLID_STARTER
MLB,PITCHER,Yu Darvish,,VETERAN,SOLID_STARTER
MLB,PITCHER,Zac Gallen,,PRIME,FRANCHISE_CORE
MLB,PITCHER,Zack Wheeler,,PRIME,FRANCHISE_CORE
NBA,WING,Aaron Gordon,,PRIME,SOLID_STARTER
NBA,BIG,Victor Wembanyama,,YEAR_3,FRANCHISE_CORE
NBA,GUARD,Alex Caruso,,PRIME,SOLID_STARTER
NBA,GUARD,Walter Clayton Jr.,,ROOKIE,ROTATION_PLAYER
NBA,GUARD,Allen Iverson,,RETIRED_HOF,RETIRED_ICON
NBA,BIG,Alperen Sengun,,PRIME,FRANCHISE_CORE
NBA,WING,Zaccharie Risacher,,YEAR_2,FRANCHISE_CORE
NBA,WING,Andrew Wiggins,,PRIME,SOLID_STARTER
NBA,GUARD,Anfernee Simons,,PRIME,SOLID_STARTER
NBA,BIG,Anthony Bennett,,BUST,OUT_OF_LEAGUE
NBA,BIG,Anthony Davis,,PRIME,FRANCHISE_CORE
NBA,WING,Anthony Edwards,,PRIME,FRANCHISE_CORE
NBA,BIG,Zach Edey,,YEAR_2,SOLID_STARTER
NBA,GUARD,Austin Reaves,,PRIME,SOLID_STARTER
NBA,BIG,Bam Adebayo,,PRIME,FRANCHISE_CORE
NBA,GUARD,Ben Simmons,,PRIME,UNCERTAIN_ROLE
NBA,WING,Bogdan Bogdanovic,,PRIME,SOLID_STARTER
NBA,GUARD,Bradley Beal,,PRIME,SOLID_STARTER
NBA,WING,Brandon Ingram,,PRIME,FRANCHISE_CORE
NFL,EDGE,Abdul Carter,,ROOKIE,FRANCHISE_CORE
NBA,BIG,Brook Lopez,,VETERAN,SOLID_STARTER
NBA,WING,Buddy Hield,,PRIME,SOLID_STARTER
NBA,GUARD,Cade Cunningham,,PRIME,FRANCHISE_CORE
NBA,GUARD,Cam Thomas,,PRIME,SOLID_STARTER
NBA,BIG,Charles Barkley,,RETIRED_HOF,RETIRED_ICON
NBA,BIG,Chet Holmgren,,PRIME,FRANCHISE_CORE
NBA,BIG,Chris Bosh,,RETIRED_HOF,RETIRED_ICON
NBA,GUARD,Chris Paul,,VETERAN,SOLID_STARTER
NBA,BIG,Clint Capela,,PRIME,SOLID_STARTER
NBA,GUARD,Coby White,,PRIME,SOLID_STARTER
NFL,QB,Anthony Richardson,,YEAR_3,FRANCHISE_CORE
NFL,QB,Arch Manning,,ROOKIE,FRANCHISE_CORE
NBA,GUARD,Damian Lillard,,PRIME,FRANCHISE_CORE
NBA,GUARD,Darius Garland,,PRIME,FRANCHISE_CORE
NBA,BIG,Darko Milicic,,BUST,OUT_OF_LEAGUE
NBA,GUARD,De'Aaron Fox,,PRIME,FRANCHISE_CORE
NBA,WING,DeMar DeRozan,,PRIME,SOLID_STARTER
NBA,BIG,Deandre Ayton,,PRIME,SOLID_STARTER
NBA,GUARD,Dejounte Murray,,PRIME,FRANCHISE_CORE
NFL,RB,Ashton Jeanty,,ROOKIE,FRANCHISE_CORE
NBA,GUARD,Derrick White,,PRIME,SOLID_STARTER
NBA,WING,Desmond Bane,,PRIME,FRANCHISE_CORE
NBA,GUARD,Devin Booker,,PRIME,FRANCHISE_CORE
NBA,BIG,Dirk Nowitzki,,RETIRED_HOF,RETIRED_ICON
NBA,BIG,Domantas Sabonis,,PRIME,FRANCHISE_CORE
NFL,QB,Bo Nix,,YEAR_2,SOLID_STARTER
NBA,GUARD,Donovan Mitchell,,PRIME,FRANCHISE_CORE
NBA,GUARD,Dwyane Wade,,RETIRED_HOF,RETIRED_ICON
NBA,GUARD,Dyson Daniels,,PRIME,SOLID_STARTER
NBA,BIG,Evan Mobley,,PRIME,FRANCHISE_CORE
NBA,WING,Franz Wagner,,PRIME,FRANCHISE_CORE
NBA,GUARD,Fred VanVleet,,PRIME,SOLID_STARTER
NBA,BIG,Giannis Antetokounmpo,,PRIME,FRANCHISE_CORE
NFL,TE,Brock Bowers,,YEAR_2,FRANCHISE_CORE
NBA,BIG,Grant Williams,,PRIME,ROTATION_PLAYER
NBA,BIG,Greg Oden,,BUST,OUT_OF_LEAGUE
NBA,BIG,Hakeem Olajuwon,,RETIRED_HOF,RETIRED_ICON
NBA,WING,Harrison Barnes,,PRIME,SOLID_STARTER
NBA,BIG,Hasheem Thabeet,,BUST,OUT_OF_LEAGUE
NBA,WING,Herb Jones,,PRIME,FRANCHISE_CORE
NBA,GUARD,Immanuel Quickley,,PRIME,SOLID_STARTER
NBA,GUARD,Ja Morant,,PRIME,FRANCHISE_CORE
NBA,BIG,Jabari Smith Jr.,,PRIME,FRANCHISE_CORE
NBA,GUARD,Jaden Ivey,,PRIME,SOLID_STARTER
NBA,WING,Jaime Jaquez Jr.,,PRIME,SOLID_STARTER
NBA,GUARD,Jalen Brunson,,PRIME,FRANCHISE_CORE
NBA,BIG,Jalen Duren,,PRIME,FRANCHISE_CORE
NBA,GUARD,Jalen Green,,PRIME,FRANCHISE_CORE
NBA,GUARD,Jalen Suggs,,PRIME,SOLID_STARTER
NBA,WING,Jalen Williams,,PRIME,FRANCHISE_CORE
NBA,GUARD,Jamal Murray,,PRIME,FRANCHISE_CORE
NBA,GUARD,James Harden,,VETERAN,FRANCHISE_CORE
NBA,BIG,James Wiseman,,BUST,OUT_OF_LEAGUE
NFL,QB,Bryce Young,,YEAR_3,SOLID_STARTER
NBA,BIG,Jaren Jackson Jr.,,PRIME,FRANCHISE_CORE
NBA,BIG,Jarrett Allen,,PRIME,FRANCHISE_CORE
NBA,WING,Jaylen Brown,,PRIME,FRANCHISE_CORE
NBA,WING,Jayson Tatum,,PRIME,FRANCHISE_CORE
NBA,WING,Jerami Grant,,PRIME,SOLID_STARTER
NBA,WING,Jimmy Butler,,PRIME,FRANCHISE_CORE
NBA,BIG,Joel Embiid,,PRIME,FRANCHISE_CORE
NBA,BIG,John Collins,,PRIME,SOLID_STARTER
NBA,WING,Jonathan Kuminga,,PRIME,FRANCHISE_CORE
NBA,GUARD,Jordan Poole,,PRIME,UNCERTAIN_ROLE
NBA,GUARD,Josh Giddey,,PRIME,SOLID_STARTER
NBA,GUARD,Jrue Holiday,,PRIME,SOLID_STARTER
NBA,BIG,Julius Randle,,PRIME,FRANCHISE_CORE
NBA,BIG,Karl-Anthony Towns,,PRIME,FRANCHISE_CORE
NBA,WING,Kawhi Leonard,,PRIME,FRANCHISE_CORE
NBA,WING,Keegan Murray,,PRIME,FRANCHISE_CORE
NBA,WING,Keldon Johnson,,PRIME,SOLID_STARTER
NBA,BIG,Kelly Olynyk,,PRIME,SOLID_STARTER
NBA,WING,Kentavious Caldwell-Pope,,PRIME,SOLID_STARTER
NBA,WING,Kevin Durant,,PRIME,FRANCHISE_CORE
NBA,BIG,Kevin Garnett,,RETIRED_HOF,RETIRED_ICON
NFL,RB,Bucky Irving,,YEAR_2,SOLID_STARTER
NBA,WING,Klay Thompson,,PRIME,SOLID_STARTER
NBA,WING,Kobe Bryant,,RETIRED_HOF,RETIRED_ICON
NBA,BIG,Kristaps Porzingis,,PRIME,SOLID_STARTER
NBA,WING,Kyle Kuzma,,PRIME,SOLID_STARTER
NBA,GUARD,Kyrie Irving,,PRIME,FRANCHISE_CORE
NBA,GUARD,LaMelo Ball,,PRIME,FRANCHISE_CORE
NBA,WING,Larry Bird,,RETIRED_HOF,RETIRED_ICON
NBA,WING,Lauri Markkanen,,PRIME,FRANCHISE_CORE
NBA,WING,LeBron James,,VETERAN,FRANCHISE_CORE
NBA,GUARD,Lonzo Ball,,PRIME,UNCERTAIN_ROLE
NBA,GUARD,Luka Doncic,,PRIME,FRANCHISE_CORE
NBA,GUARD,Magic Johnson,,RETIRED_HOF,RETIRED_ICON
NBA,GUARD,Malcolm Brogdon,,PRIME,SOLID_STARTER
NBA,GUARD,Malik Monk,,PRIME,SOLID_STARTER
NBA,WING,Marcus Morris,,PRIME,ROTATION_PLAYER
NBA,GUARD,Marcus Smart,,PRIME,SOLID_STARTER
NBA,BIG,Mark Williams,,PRIME,SOLID_STARTER
NBA,BIG,Mason Plumlee,,VETERAN,ROTATION_PLAYER
NBA,WING,Michael Jordan,,RETIRED_HOF,RETIRED_ICON
NBA,WING,Mikal Bridges,,PRIME,FRANCHISE_CORE
NBA,BIG,Mitchell Robinson,,PRIME,SOLID_STARTER
NBA,BIG,Nikola Jokic,,PRIME,FRANCHISE_CORE
NBA,BIG,Nikola Vucevic,,PRIME,SOLID_STARTER
NBA,WING,Norman Powell,,PRIME,SOLID_STARTER
NBA,WING,OG Anunoby,,PRIME,FRANCHISE_CORE
NBA,BIG,Onyeka Okongwu,,PRIME,SOLID_STARTER
NBA,BIG,PJ Washington,,PRIME,SOLID_STARTER
NBA,BIG,Paolo Banchero,,PRIME,FRANCHISE_CORE
NBA,BIG,Pascal Siakam,,PRIME,FRANCHISE_CORE
NBA,WING,Paul George,,PRIME,FRANCHISE_CORE
NBA,WING,Paul Pierce,,RETIRED_HOF,RETIRED_ICON
NBA,WING,RJ Barrett,,PRIME,SOLID_STARTER
NFL,QB,Caleb Williams,,YEAR_2,FRANCHISE_CORE
NBA,BIG,Robert Williams,,PRIME,UNCERTAIN_ROLE
NBA,BIG,Rudy Gobert,,PRIME,FRANCHISE_CORE
NFL,RB,Cam Skattebo,,ROOKIE,SOLID_STARTER
NBA,WING,Scottie Barnes,,PRIME,FRANCHISE_CORE
NBA,GUARD,Shai Gilgeous-Alexander,,PRIME,FRANCHISE_CORE
NBA,BIG,Shaquille O'Neal,,RETIRED_HOF,RETIRED_ICON
NBA,GUARD,Spencer Dinwiddie,,PRIME,SOLID_STARTER
NBA,GUARD,Stephen Curry,,PRIME,FRANCHISE_CORE
NFL,QB,Cam Ward,,ROOKIE,FRANCHISE_CORE
NBA,BIG,Steven Adams,,VETERAN,SOLID_STARTER
NBA,WING,Tari Eason,,PRIME,SOLID_STARTER
NBA,BIG,Tim Duncan,,RETIRED_HOF,RETIRED_ICON
NBA,WING,Tobias Harris,,PRIME,SOLID_STARTER
NBA,GUARD,Trae Young,,PRIME,FRANCHISE_CORE
NBA,GUARD,Tyrese Haliburton,,PRIME,FRANCHISE_CORE
NBA,GUARD,Tyrese Maxey,,PRIME,FRANCHISE_CORE
NBA,GUARD,Victor Oladipo,,VETERAN,OUT_OF_LEAGUE
NFL,RB,Chase Brown,,YEAR_3,ROTATION_PLAYER
NBA,BIG,Walker Kessler,,PRIME,SOLID_STARTER
NFL,TE,Colston Loveland,,ROOKIE,FRANCHISE_CORE
NFL,CB,Cooper DeJean,,YEAR_2,SOLID_STARTER
NFL,RB,De'Von Achane,,YEAR_3,FRANCHISE_CORE
NBA,GUARD,Zach LaVine,,PRIME,SOLID_STARTER
NBA,BIG,Zion Williamson,,PRIME,FRANCHISE_CORE
NFL,WR,A.J. Brown,,PRIME,FRANCHISE_CORE
NFL,RB,AJ Dillon,,PRIME,ROTATION_PLAYER
NFL,RB,Aaron Jones,,PRIME,SOLID_STARTER
NFL,QB,Aaron Rodgers,,VETERAN,FRANCHISE_CORE
NFL,QB,Dillon Gabriel,,ROOKIE,UNCERTAIN_ROLE
NFL,WR,Adam Thielen,,VETERAN,SOLID_STARTER
NFL,EDGE,Aidan Hutchinson,,PRIME,FRANCHISE_CORE
NFL,RB,Alexander Mattison,,PRIME,ROTATION_PLAYER
NFL,WR,Allen Lazard,,PRIME,ROTATION_PLAYER
NFL,RB,Alvin Kamara,,PRIME,FRANCHISE_CORE
NFL,WR,Amari Cooper,,PRIME,SOLID_STARTER
NFL,WR,Amon-Ra St. Brown,,PRIME,FRANCHISE_CORE
NFL,QB,Andy Dalton,,VETERAN,BACKUP_OR_FRINGE
NFL,QB,Drake Maye,,YEAR_2,FRANCHISE_CORE
NFL,S,Antoine Winfield Jr.,,PRIME,FRANCHISE_CORE
NFL,RB,Antonio Gibson,,PRIME,ROTATION_PLAYER
NFL,TE,Harold Fannin Jr.,,ROOKIE,SOLID_STARTER
NFL,WR,Isaac TeSlaa,,ROOKIE,SOLID_STARTER
NFL,QB,Baker Mayfield,,PRIME,SOLID_STARTER
NFL,RB,Bijan Robinson,,PRIME,FRANCHISE_CORE
NFL,QB,J.J. McCarthy,,YEAR_2,FRANCHISE_CORE
NFL,LB,Bobby Wagner,,VETERAN,FRANCHISE_CORE
NFL,WR,Brandin Cooks,,PRIME,SOLID_STARTER
NFL,WR,Brandon Aiyuk,,PRIME,FRANCHISE_CORE
NFL,RB,Breece Hall,,PRIME,FRANCHISE_CORE
NFL,RB,Brian Robinson Jr.,,PRIME,SOLID_STARTER
NFL,RB,Jaleel McLaughlin,,YEAR_3,ROTATION_PLAYER
NFL,QB,Brock Purdy,,PRIME,FRANCHISE_CORE
NFL,EDGE,Jared Verse,,YEAR_2,FRANCHISE_CORE
NFL,WR,Jaxon Smith-Njigba,,YEAR_3,FRANCHISE_CORE
NFL,QB,C.J. Stroud,,PRIME,FRANCHISE_CORE
NFL,QB,Jaxson Dart,,ROOKIE,FRANCHISE_CORE
NFL,WR,Calvin Johnson,,RETIRED_HOF,RETIRED_ICON
NFL,WR,Calvin Ridley,,PRIME,SOLID_STARTER
NFL,QB,Jayden Daniels,,YEAR_2,FRANCHISE_CORE
NFL,WR,Josh Downs,,YEAR_3,SOLID_STARTER
NFL,WR,CeeDee Lamb,,PRIME,FRANCHISE_CORE
NFL,RB,Kendre Miller,,YEAR_3,ROTATION_PLAYER
NFL,WR,Chris Godwin,,PRIME,SOLID_STARTER
NFL,WR,Chris Olave,,PRIME,FRANCHISE_CORE
NFL,CB,Christian Gonzalez,,PRIME,FRANCHISE_CORE
NFL,RB,Christian McCaffrey,,PRIME,FRANCHISE_CORE
NFL,RB,Clyde Edwards-Helaire,,PRIME,ROTATION_PLAYER
NFL,TE,Cole Kmet,,PRIME,SOLID_STARTER
NFL,WR,Kyle Williams,,ROOKIE,SOLID_STARTER
NFL,WR,Malik Nabers,,YEAR_2,FRANCHISE_CORE
NFL,WR,Cooper Kupp,,PRIME,FRANCHISE_CORE
NFL,WR,Courtland Sutton,,PRIME,SOLID_STARTER
NFL,WR,Curtis Samuel,,PRIME,ROTATION_PLAYER
NFL,WR,DK Metcalf,,PRIME,FRANCHISE_CORE
NFL,CB,DaRon Bland,,PRIME,FRANCHISE_CORE
NFL,QB,Dak Prescott,,PRIME,FRANCHISE_CORE
NFL,TE,Dallas Goedert,,PRIME,SOLID_STARTER
NFL,TE,Dalton Kincaid,,PRIME,FRANCHISE_CORE
NFL,RB,Dalvin Cook,,PRIME,ROTATION_PLAYER
NFL,QB,Daniel Jones,,PRIME,UNCERTAIN_ROLE
NFL,EDGE,Danielle Hunter,,PRIME,FRANCHISE_CORE
NFL,WR,Darnell Mooney,,PRIME,ROTATION_PLAYER
NFL,WR,Davante Adams,,PRIME,FRANCHISE_CORE
NFL,RB,David Montgomery,,PRIME,SOLID_STARTER
NFL,WR,Marvin Harrison Jr.,,YEAR_2,FRANCHISE_CORE
NFL,WR,DeAndre Hopkins,,PRIME,SOLID_STARTER
NFL,WR,DeVonta Smith,,PRIME,FRANCHISE_CORE
NFL,WR,Deebo Samuel,,PRIME,FRANCHISE_CORE
NFL,LB,Demario Davis,,VETERAN,FRANCHISE_CORE
NFL,CB,Denzel Ward,,PRIME,FRANCHISE_CORE
NFL,QB,Derek Carr,,PRIME,SOLID_STARTER
NFL,CB,Derek Stingley Jr.,,PRIME,FRANCHISE_CORE
NFL,RB,Derrick Henry,,PRIME,FRANCHISE_CORE
NFL,S,Derwin James Jr.,,PRIME,FRANCHISE_CORE
NFL,QB,Desmond Ridder,,PRIME,BACKUP_OR_FRINGE
NFL,LB,Devin White,,PRIME,UNCERTAIN_ROLE
NFL,CB,Devon Witherspoon,,PRIME,FRANCHISE_CORE
NFL,DL,Mason Graham,,ROOKIE,FRANCHISE_CORE
NFL,WR,Diontae Johnson,,PRIME,SOLID_STARTER
NFL,WR,Drake London,,PRIME,FRANCHISE_CORE
NFL,WR,Matthew Golden,,ROOKIE,ROTATION_PLAYER
NFL,LB,Dre Greenlaw,,PRIME,FRANCHISE_CORE
NFL,QB,Drew Brees,,RETIRED_HOF,RETIRED_ICON
NFL,WR,Elijah Moore,,PRIME,ROTATION_PLAYER
NFL,TE,Evan Engram,,PRIME,SOLID_STARTER
NFL,RB,Ezekiel Elliott,,PRIME,ROTATION_PLAYER
NFL,LB,Fred Warner,,PRIME,FRANCHISE_CORE
NFL,QB,Gardner Minshew,,PRIME,BACKUP_OR_FRINGE
NFL,WR,Garrett Wilson,,PRIME,FRANCHISE_CORE
NFL,QB,Geno Smith,,PRIME,SOLID_STARTER
NFL,TE,George Kittle,,PRIME,FRANCHISE_CORE
NFL,WR,George Pickens,,PRIME,FRANCHISE_CORE
NFL,TE,Gerald Everett,,PRIME,ROTATION_PLAYER
NFL,QB,Michael Penix Jr.,,YEAR_2,UNCERTAIN_ROLE
NFL,TE,Hunter Henry,,PRIME,SOLID_STARTER
NFL,EDGE,Mike Green,,ROOKIE,ROTATION_PLAYER
NFL,TE,Isaiah Likely,,PRIME,SOLID_STARTER
NFL,RB,Isiah Pacheco,,PRIME,FRANCHISE_CORE
NFL,WR,Puka Nacua,,YEAR_3,FRANCHISE_CORE
NFL,WR,Ja'Marr Chase,,PRIME,FRANCHISE_CORE
NFL,QB,JaMarcus Russell,,BUST,OUT_OF_LEAGUE
NFL,RB,Jahmyr Gibbs,,PRIME,FRANCHISE_CORE
NFL,WR,Jakobi Meyers,,PRIME,SOLID_STARTER
NFL,WR,Quentin Johnston,,YEAR_3,SOLID_STARTER
NFL,QB,Jalen Hurts,,PRIME,FRANCHISE_CORE
NFL,CB,Jalen Ramsey,,PRIME,FRANCHISE_CORE
NFL,QB,Jameis Winston,,PRIME,BACKUP_OR_FRINGE
NFL,RB,James Cook,,PRIME,FRANCHISE_CORE
NFL,WR,Jameson Williams,,PRIME,SOLID_STARTER
NFL,CB,Quinyon Mitchell,,YEAR_2,SOLID_STARTER
NFL,RB,RJ Harvey,,ROOKIE,SOLID_STARTER
NFL,WR,Rashee Rice,,YEAR_3,FRANCHISE_CORE
NFL,WR,Rome Odunze,,YEAR_2,FRANCHISE_CORE
NFL,WR,Jayden Higgins,,PRIME,SOLID_STARTER
NFL,WR,Jaylen Waddle,,PRIME,FRANCHISE_CORE
NFL,RB,Jaylen Warren,,PRIME,ROTATION_PLAYER
NFL,CB,Jaylon Johnson,,PRIME,FRANCHISE_CORE
NFL,WR,Jerry Rice,,RETIRED_HOF,RETIRED_ICON
NFL,S,Jessie Bates III,,PRIME,FRANCHISE_CORE
NFL,S,Jevon Holland,,PRIME,FRANCHISE_CORE
NFL,QB,Jimmy Garoppolo,,PRIME,BACKUP_OR_FRINGE
NFL,QB,Joe Burrow,,PRIME,FRANCHISE_CORE
NFL,QB,Joe Flacco,,VETERAN,BACKUP_OR_FRINGE
NFL,RB,Joe Mixon,,PRIME,SOLID_STARTER
NFL,QB,Joe Montana,,RETIRED_HOF,RETIRED_ICON
NFL,EDGE,Joey Bosa,,PRIME,FRANCHISE_CORE
NFL,QB,Johnny Manziel,,BUST,OUT_OF_LEAGUE
NFL,RB,Jonathan Taylor,,PRIME,FRANCHISE_CORE
NFL,WR,Jordan Addison,,PRIME,FRANCHISE_CORE
NFL,QB,Jordan Love,,PRIME,FRANCHISE_CORE
NFL,QB,Josh Allen,,PRIME,FRANCHISE_CORE
NFL,RB,Roschon Johnson,,YEAR_3,ROTATION_PLAYER
NFL,RB,Josh Jacobs,,PRIME,FRANCHISE_CORE
NFL,QB,Josh Rosen,,BUST,OUT_OF_LEAGUE
NFL,WR,JuJu Smith-Schuster,,PRIME,ROTATION_PLAYER
NFL,QB,Justin Fields,,PRIME,UNCERTAIN_ROLE
NFL,QB,Justin Herbert,,PRIME,FRANCHISE_CORE
NFL,WR,Justin Jefferson,,PRIME,FRANCHISE_CORE
NFL,S,Justin Simmons,,VETERAN,FRANCHISE_CORE
NFL,RB,Kareem Hunt,,PRIME,ROTATION_PLAYER
NFL,WR,Keenan Allen,,PRIME,SOLID_STARTER
NFL,TE,Sam LaPorta,,YEAR_3,FRANCHISE_CORE
NFL,RB,Kenneth Walker,,PRIME,FRANCHISE_CORE
NFL,QB,Kenny Pickett,,PRIME,UNCERTAIN_ROLE
NFL,S,Kerby Joseph,,PRIME,FRANCHISE_CORE
NFL,EDGE,Khalil Mack,,VETERAN,FRANCHISE_CORE
NFL,QB,Kirk Cousins,,PRIME,SOLID_STARTER
NFL,S,Kyle Hamilton,,PRIME,FRANCHISE_CORE
NFL,TE,Kyle Pitts,,PRIME,FRANCHISE_CORE
NFL,QB,Shedeur Sanders,,ROOKIE,FRANCHISE_CORE
NFL,RB,Kyren Williams,,PRIME,FRANCHISE_CORE
NFL,RB,LaDainian Tomlinson,,RETIRED_HOF,RETIRED_ICON
NFL,QB,Lamar Jackson,,PRIME,FRANCHISE_CORE
NFL,RB,Latavius Murray,,VETERAN,ROTATION_PLAYER
NFL,LB,Lavonte David,,VETERAN,FRANCHISE_CORE
NFL,RB,Leonard Fournette,,PRIME,OUT_OF_LEAGUE
NFL,RB,Le'Veon Bell,,VETERAN,OUT_OF_LEAGUE
NFL,QB,Mac Jones,,PRIME,UNCERTAIN_ROLE
NFL,WR,Tank Dell,,YEAR_3,FRANCHISE_CORE
NFL,TE,Mark Andrews,,PRIME,FRANCHISE_CORE
NFL,CB,Marlon Humphrey,,PRIME,FRANCHISE_CORE
NFL,CB,Marshon Lattimore,,PRIME,FRANCHISE_CORE
NFL,CB,Terrion Arnold,,YEAR_2,FRANCHISE_CORE
NFL,WR,Tetairoa McMillan,,ROOKIE,FRANCHISE_CORE
NFL,WR,Travis Hunter,,ROOKIE,FRANCHISE_CORE
NFL,QB,Matthew Stafford,,PRIME,FRANCHISE_CORE
NFL,EDGE,Maxx Crosby,,PRIME,FRANCHISE_CORE
NFL,EDGE,Micah Parsons,,PRIME,FRANCHISE_CORE
NFL,WR,Tre Harris,,ROOKIE,ROTATION_PLAYER
NFL,WR,Michael Pittman Jr.,,PRIME,SOLID_STARTER
NFL,WR,Michael Wilson,,PRIME,SOLID_STARTER
NFL,WR,Mike Evans,,PRIME,FRANCHISE_CORE
NFL,RB,Tyjae Spears,,YEAR_3,ROTATION_PLAYER
NFL,WR,Mike Williams,,PRIME,UNCERTAIN_ROLE
NFL,S,Minkah Fitzpatrick,,PRIME,FRANCHISE_CORE
NFL,EDGE,Myles Garrett,,PRIME,FRANCHISE_CORE
NFL,RB,Najee Harris,,PRIME,SOLID_STARTER
NFL,EDGE,Nick Bosa,,PRIME,FRANCHISE_CORE
NFL,WR,Nico Collins,,PRIME,FRANCHISE_CORE
NFL,TE,Noah Fant,,PRIME,ROTATION_PLAYER
NFL,WR,Odell Beckham Jr.,,PRIME,UNCERTAIN_ROLE
NFL,TE,Pat Freiermuth,,PRIME,SOLID_STARTER
NFL,CB,Pat Surtain II,,PRIME,FRANCHISE_CORE
NFL,QB,Patrick Mahomes,,PRIME,FRANCHISE_CORE
NFL,LB,Patrick Queen,,PRIME,FRANCHISE_CORE
NFL,QB,Peyton Manning,,RETIRED_HOF,RETIRED_ICON
NFL,RB,Tyler Allgeier,,YEAR_3,ROTATION_PLAYER
NFL,WR,Tyler Burden III,,ROOKIE,FRANCHISE_CORE
NFL,QB,Tyler Shough,,ROOKIE,UNCERTAIN_ROLE
NFL,RB,Zach Charbonnet,,YEAR_3,ROTATION_PLAYER
NFL,RB,Rachaad White,,PRIME,SOLID_STARTER
NFL,WR,Randy Moss,,RETIRED_HOF,RETIRED_ICON
NFL,WR,Zay Flowers,,YEAR_3,FRANCHISE_CORE
NFL,RB,Rhamondre Stevenson,,PRIME,SOLID_STARTER
NFL,TE,Rob Gronkowski,,RETIRED_HOF,RETIRED_ICON
NHL,CENTER,Adam Fantilli,,YEAR_3,FRANCHISE_CORE
NFL,LB,Roquan Smith,,PRIME,FRANCHISE_CORE
NHL,CENTER,Connor Bedard,,YEAR_3,FRANCHISE_CORE
NFL,QB,Russell Wilson,,PRIME,SOLID_STARTER
NFL,QB,Ryan Leaf,,BUST,OUT_OF_LEAGUE
NFL,QB,Sam Darnold,,PRIME,UNCERTAIN_ROLE
NFL,QB,Sam Howell,,PRIME,UNCERTAIN_ROLE
NHL,DEFENSEMAN,David Jiricek,,YEAR_4,SOLID_STARTER
NFL,RB,Saquon Barkley,,PRIME,FRANCHISE_CORE
NFL,CB,Sauce Gardner,,PRIME,FRANCHISE_CORE
NHL,WINGER,Juraj Slafkovsky,,YEAR_4,FRANCHISE_CORE
NFL,WR,Stefon Diggs,,PRIME,FRANCHISE_CORE
NFL,TE,T.J. Hockenson,,PRIME,FRANCHISE_CORE
NFL,EDGE,T.J. Watt,,PRIME,FRANCHISE_CORE
NFL,S,Talanoa Hufanga,,PRIME,FRANCHISE_CORE
NHL,CENTER,Logan Cooley,,YEAR_3,FRANCHISE_CORE
NFL,WR,Tee Higgins,,PRIME,SOLID_STARTER
NFL,WR,Terrell Owens,,RETIRED_HOF,RETIRED_ICON
NHL,CENTER,Macklin Celebrini,,ROOKIE,FRANCHISE_CORE
NFL,WR,Terry McLaurin,,PRIME,FRANCHISE_CORE
NHL,CENTER,Matty Beniers,,YEAR_4,FRANCHISE_CORE
NFL,QB,Tom Brady,,RETIRED_HOF,RETIRED_ICON
NFL,TE,Tony Gonzalez,,RETIRED_HOF,RETIRED_ICON
NFL,RB,Tony Pollard,,PRIME,SOLID_STARTER
NFL,RB,Travis Etienne,,PRIME,FRANCHISE_CORE
NHL,WINGER,Matvei Michkov,,ROOKIE,FRANCHISE_CORE
NFL,TE,Travis Kelce,,PRIME,FRANCHISE_CORE
NHL,DEFENSEMAN,Owen Power,,YEAR_4,FRANCHISE_CORE
NFL,LB,Tremaine Edmunds,,PRIME,FRANCHISE_CORE
NFL,CB,Trent McDuffie,,PRIME,FRANCHISE_CORE
NFL,QB,Trevor Lawrence,,PRIME,FRANCHISE_CORE
NFL,EDGE,Trey Hendrickson,,PRIME,FRANCHISE_CORE
NFL,QB,Trey Lance,,PRIME,OUT_OF_LEAGUE
NFL,QB,Tua Tagovailoa,,VETERAN,FRANCHISE_CORE
NFL,TE,Tucker Kraft,,PRIME,SOLID_STARTER
NHL,CENTER,Wyatt Johnston,,YEAR_4,FRANCHISE_CORE
NFL,WR,Tyler Boyd,,PRIME,ROTATION_PLAYER
NFL,TE,Tyler Higbee,,PRIME,SOLID_STARTER
NFL,WR,Tyler Lockett,,PRIME,SOLID_STARTER
NFL,WR,Tyreek Hill,,PRIME,FRANCHISE_CORE
NFL,EDGE,Von Miller,,VETERAN,FRANCHISE_CORE
NFL,WR,Wan'Dale Robinson,,PRIME,SOLID_STARTER
NFL,EDGE,Will Anderson Jr.,,PRIME,FRANCHISE_CORE
NFL,S,Xavier McKinney,,PRIME,FRANCHISE_CORE
NFL,EDGE,Za'Darius Smith,,VETERAN,SOLID_STARTER
NFL,TE,Zach Ertz,,VETERAN,SOLID_STARTER
NFL,QB,Zach Wilson,,PRIME,UNCERTAIN_ROLE
NFL,LB,Zack Baun,,PRIME,ROTATION_PLAYER
NHL,DEFENSEMAN,Adam Fox,,PRIME,FRANCHISE_CORE
NHL,DEFENSEMAN,Al MacInnis,,RETIRED_HOF,RETIRED_ICON
NHL,CENTER,Aleksander Barkov,,PRIME,FRANCHISE_CORE
NHL,WINGER,Alex Ovechkin,,VETERAN,FRANCHISE_CORE
NHL,WINGER,Alex DeBrincat,,PRIME,FRANCHISE_CORE
NHL,DEFENSEMAN,Alex Pietrangelo,,PRIME,SOLID_STARTER
NHL,WINGER,Alexis Lafreniere,,PRIME,SOLID_STARTER
NHL,GOALIE,Andrei Vasilevskiy,,PRIME,FRANCHISE_CORE
NHL,CENTER,Anze Kopitar,,VETERAN,FRANCHISE_CORE
NHL,WINGER,Artemi Panarin,,PRIME,FRANCHISE_CORE
NHL,CENTER,Auston Matthews,,PRIME,FRANCHISE_CORE
NHL,CENTER,Bo Horvat,,PRIME,SOLID_STARTER
NHL,DEFENSEMAN,Bobby Orr,,RETIRED_HOF,RETIRED_ICON
NHL,WINGER,Brad Marchand,,PRIME,FRANCHISE_CORE
NHL,WINGER,Brady Tkachuk,,PRIME,FRANCHISE_CORE
NHL,CENTER,Brayden Point,,PRIME,FRANCHISE_CORE
NHL,DEFENSEMAN,Brent Burns,,VETERAN,SOLID_STARTER
NHL,WINGER,Brett Hull,,RETIRED_HOF,RETIRED_ICON
NHL,DEFENSEMAN,Brian Leetch,,RETIRED_HOF,RETIRED_ICON
NHL,WINGER,Brock Boeser,,PRIME,SOLID_STARTER
NHL,DEFENSEMAN,Cale Makar,,PRIME,FRANCHISE_CORE
NHL,GOALIE,Cam Talbot,,VETERAN,SOLID_STARTER
NHL,GOALIE,Carey Price,,RETIRED_HOF,RETIRED_ICON
NHL,GOALIE,Carter Hart,,PRIME,OUT_OF_LEAGUE
NHL,CENTER,Chandler Stephenson,,PRIME,SOLID_STARTER
NHL,DEFENSEMAN,Charlie McAvoy,,PRIME,FRANCHISE_CORE
NHL,DEFENSEMAN,Chris Chelios,,RETIRED_HOF,RETIRED_ICON
NHL,WINGER,Chris Kreider,,PRIME,SOLID_STARTER
NHL,CENTER,Claude Giroux,,VETERAN,SOLID_STARTER
NHL,WINGER,Cole Caufield,,PRIME,FRANCHISE_CORE
NHL,CENTER,Cole Sillinger,,PRIME,SOLID_STARTER
NHL,WINGER,Connor Garland,,PRIME,SOLID_STARTER
NHL,GOALIE,Connor Hellebuyck,,PRIME,FRANCHISE_CORE
NHL,CENTER,Connor McDavid,,PRIME,FRANCHISE_CORE
NHL,WINGER,Corey Perry,,VETERAN,SOLID_STARTER
NHL,WINGER,Daniel Sedin,,RETIRED_HOF,RETIRED_ICON
NHL,WINGER,David Pastrnak,,PRIME,FRANCHISE_CORE
NHL,GOALIE,Dominik Hasek,,RETIRED_HOF,RETIRED_ICON
NHL,DEFENSEMAN,Dougie Hamilton,,PRIME,SOLID_STARTER
NHL,DEFENSEMAN,Drew Doughty,,PRIME,FRANCHISE_CORE
NHL,DEFENSEMAN,Duncan Keith,,RETIRED_HOF,RETIRED_ICON
NHL,CENTER,Dylan Cozens,,PRIME,SOLID_STARTER
NHL,CENTER,Elias Pettersson,,PRIME,FRANCHISE_CORE
NHL,DEFENSEMAN,Erik Karlsson,,PRIME,FRANCHISE_CORE
NHL,WINGER,Evander Kane,,PRIME,SOLID_STARTER
NHL,CENTER,Evgeni Malkin,,VETERAN,FRANCHISE_CORE
NHL,WINGER,Filip Forsberg,,PRIME,FRANCHISE_CORE
NHL,GOALIE,Frederik Andersen,,VETERAN,SOLID_STARTER
NHL,WINGER,Gordie Howe,,RETIRED_HOF,RETIRED_ICON
NHL,GOALIE,Henrik Lundqvist,,RETIRED_HOF,RETIRED_ICON
NHL,GOALIE,Igor Shesterkin,,PRIME,FRANCHISE_CORE
NHL,CENTER,Jack Hughes,,PRIME,FRANCHISE_CORE
NHL,WINGER,Jason Robertson,,PRIME,FRANCHISE_CORE
NHL,GOALIE,Jeremy Swayman,,PRIME,FRANCHISE_CORE
NHL,DEFENSEMAN,John Carlson,,PRIME,FRANCHISE_CORE
NHL,WINGER,Johnny Gaudreau,,PRIME,SOLID_STARTER
NHL,GOALIE,Jordan Binnington,,PRIME,SOLID_STARTER
NHL,GOALIE,Juuse Saros,,PRIME,FRANCHISE_CORE
NHL,WINGER,Kirill Kaprizov,,PRIME,FRANCHISE_CORE
NHL,CENTER,Leon Draisaitl,,PRIME,FRANCHISE_CORE
NHL,GOALIE,Marc-Andre Fleury,,RETIRED_HOF,RETIRED_ICON
NHL,CENTER,Mario Lemieux,,RETIRED_HOF,RETIRED_ICON
NHL,CENTER,Mark Messier,,RETIRED_HOF,RETIRED_ICON
NHL,WINGER,Mark Stone,,PRIME,FRANCHISE_CORE
NHL,GOALIE,Martin Brodeur,,RETIRED_HOF,RETIRED_ICON
NHL,CENTER,Matthew Barzal,,PRIME,FRANCHISE_CORE
NHL,WINGER,Matthew Tkachuk,,PRIME,FRANCHISE_CORE
NHL,CENTER,Mika Zibanejad,,PRIME,FRANCHISE_CORE
NHL,WINGER,Mikko Rantanen,,PRIME,FRANCHISE_CORE
NHL,DEFENSEMAN,Miro Heiskanen,,PRIME,FRANCHISE_CORE
NHL,WINGER,Mitch Marner,,PRIME,FRANCHISE_CORE
NHL,CENTER,Nathan MacKinnon,,PRIME,FRANCHISE_CORE
NHL,WINGER,Nikita Kucherov,,PRIME,FRANCHISE_CORE
NHL,WINGER,Patrick Kane,,PRIME,FRANCHISE_CORE
NHL,DEFENSEMAN,Quinn Hughes,,PRIME,FRANCHISE_CORE
NHL,DEFENSEMAN,Rasmus Dahlin,,PRIME,FRANCHISE_CORE
NHL,DEFENSEMAN,Roman Josi,,PRIME,FRANCHISE_CORE
NHL,CENTER,Sebastian Aho,,PRIME,FRANCHISE_CORE
NHL,CENTER,Sidney Crosby,,VETERAN,FRANCHISE_CORE
NHL,CENTER,Steven Stamkos,,PRIME,FRANCHISE_CORE
NHL,CENTER,Tage Thompson,,PRIME,FRANCHISE_CORE
NHL,CENTER,Tim Stutzle,,PRIME,FRANCHISE_CORE
NHL,CENTER,Trevor Zegras,,PRIME,SOLID_STARTER
NHL,DEFENSEMAN,Victor Hedman,,PRIME,FRANCHISE_CORE
NHL,CENTER,Wayne Gretzky,,RETIRED_HOF,RETIRED_ICON
NHL,WINGER,William Nylander,,PRIME,FRANCHISE_CORE
NHL,DEFENSEMAN,Zdeno Chara,,RETIRED_HOF,RETIRED_ICON