player_name,league,position_group,career_stage,role_tier
Aaron Judge,MLB,OUTFIELDER,PRIME,FRANCHISE_CORE
Aaron Nola,MLB,PITCHER,PRIME,SOLID_STARTER
Adley Rutschman,MLB,CATCHER,PRIME,FRANCHISE_CORE
Albert Pujols,MLB,INFIELDER,RETIRED_HOF,RETIRED_ICON
Alex Bregman,MLB,INFIELDER,PRIME,FRANCHISE_CORE
Alex Verdugo,MLB,OUTFIELDER,PRIME,SOLID_STARTER
Andrew McCutchen,MLB,OUTFIELDER,VETERAN,SOLID_STARTER
Anthony Rizzo,MLB,INFIELDER,VETERAN,SOLID_STARTER
Anthony Santander,MLB,OUTFIELDER,PRIME,SOLID_STARTER
Aroldis Chapman,MLB,PITCHER,VETERAN,UNCERTAIN_ROLE
Austin Riley,MLB,INFIELDER,PRIME,FRANCHISE_CORE
Babe Ruth,MLB,OUTFIELDER,RETIRED_HOF,RETIRED_ICON
Barry Bonds,MLB,OUTFIELDER,RETIRED_HOF,RETIRED_ICON
Blake Snell,MLB,PITCHER,PRIME,FRANCHISE_CORE
Blake Treinen,MLB,PITCHER,VETERAN,UNCERTAIN_ROLE
Bo Bichette,MLB,INFIELDER,PRIME,FRANCHISE_CORE
Bobby Witt Jr.,MLB,INFIELDER,PRIME,FRANCHISE_CORE
Brandon Lowe,MLB,INFIELDER,PRIME,SOLID_STARTER
Brandon Nimmo,MLB,OUTFIELDER,PRIME,SOLID_STARTER
Bryan Reynolds,MLB,OUTFIELDER,PRIME,FRANCHISE_CORE
Bryce Harper,MLB,OUTFIELDER,PRIME,FRANCHISE_CORE
Bryce Miller,MLB,PITCHER,PRIME,SOLID_STARTER
Bryce Turang,MLB,INFIELDER,PRIME,SOLID_STARTER
Bryson Stott,MLB,INFIELDER,PRIME,SOLID_STARTER
Buster Posey,MLB,CATCHER,RETIRED_HOF,RETIRED_ICON
Byron Buxton,MLB,OUTFIELDER,PRIME,SOLID_STARTER
Cal Raleigh,MLB,CATCHER,PRIME,FRANCHISE_CORE
Cal Ripken Jr.,MLB,INFIELDER,RETIRED_HOF,RETIRED_ICON
Camilo Doval,MLB,PITCHER,PRIME,FRANCHISE_CORE
Carlos Correa,MLB,INFIELDER,PRIME,FRANCHISE_CORE
Carlos Rodón,MLB,PITCHER,PRIME,SOLID_STARTER
Ceddanne Rafaela,MLB,OUTFIELDER,YEAR_3,SOLID_STARTER
Cedric Mullins,MLB,OUTFIELDER,PRIME,SOLID_STARTER
Chris Sale,MLB,PITCHER,VETERAN,SOLID_STARTER
Christian Walker,MLB,INFIELDER,PRIME,SOLID_STARTER
Christian Yelich,MLB,OUTFIELDER,PRIME,SOLID_STARTER
Clayton Kershaw,MLB,PITCHER,VETERAN,FRANCHISE_CORE
Cody Bellinger,MLB,OUTFIELDER,PRIME,SOLID_STARTER
Colt Keith,MLB,INFIELDER,YEAR_2,SOLID_STARTER
Corbin Burnes,MLB,PITCHER,PRIME,FRANCHISE_CORE
Corbin Carroll,MLB,OUTFIELDER,PRIME,FRANCHISE_CORE
Corey Seager,MLB,INFIELDER,PRIME,FRANCHISE_CORE
Dansby Swanson,MLB,INFIELDER,PRIME,SOLID_STARTER
Derek Jeter,MLB,INFIELDER,RETIRED_HOF,RETIRED_ICON
Dylan Cease,MLB,PITCHER,PRIME,FRANCHISE_CORE
Edwin Díaz,MLB,PITCHER,PRIME,FRANCHISE_CORE
Elly De La Cruz,MLB,INFIELDER,YEAR_3,FRANCHISE_CORE
Emmanuel Clase,MLB,PITCHER,PRIME,FRANCHISE_CORE
Evan Carter,MLB,OUTFIELDER,YEAR_3,FRANCHISE_CORE
Eugenio Suárez,MLB,INFIELDER,VETERAN,SOLID_STARTER
Gabe Moreno,MLB,CATCHER,YEAR_4,SOLID_STARTER
Fernando Tatis Jr.,MLB,OUTFIELDER,PRIME,FRANCHISE_CORE
Framber Valdez,MLB,PITCHER,PRIME,FRANCHISE_CORE
Francisco Alvarez,MLB,CATCHER,PRIME,FRANCHISE_CORE
Francisco Lindor,MLB,INFIELDER,PRIME,FRANCHISE_CORE
Freddie Freeman,MLB,INFIELDER,PRIME,FRANCHISE_CORE
Gunnar Henderson,MLB,INFIELDER,YEAR_4,FRANCHISE_CORE
Gavin Williams,MLB,PITCHER,PRIME,SOLID_STARTER
George Kirby,MLB,PITCHER,PRIME,FRANCHISE_CORE
George Springer,MLB,OUTFIELDER,VETERAN,SOLID_STARTER
Gerrit Cole,MLB,PITCHER,PRIME,FRANCHISE_CORE
Giancarlo Stanton,MLB,OUTFIELDER,VETERAN,SOLID_STARTER
Grayson Rodriguez,MLB,PITCHER,PRIME,FRANCHISE_CORE
Heston Kjerstad,MLB,OUTFIELDER,YEAR_3,UNCERTAIN_ROLE
Ha-Seong Kim,MLB,INFIELDER,PRIME,SOLID_STARTER
Hank Aaron,MLB,OUTFIELDER,RETIRED_HOF,RETIRED_ICON
Jackson Chourio,MLB,OUTFIELDER,YEAR_2,FRANCHISE_CORE
Hunter Greene,MLB,PITCHER,PRIME,FRANCHISE_CORE
Ian Happ,MLB,OUTFIELDER,PRIME,SOLID_STARTER
Ichiro Suzuki,MLB,OUTFIELDER,RETIRED_HOF,RETIRED_ICON
Isaac Paredes,MLB,INFIELDER,PRIME,SOLID_STARTER
J.T. Realmuto,MLB,CATCHER,PRIME,FRANCHISE_CORE
Jack Flaherty,MLB,PITCHER,PRIME,SOLID_STARTER
Jackie Robinson,MLB,INFIELDER,RETIRED_HOF,RETIRED_ICON
Jackson Holliday,MLB,INFIELDER,YEAR_2,FRANCHISE_CORE
James Wood,MLB,OUTFIELDER,YEAR_2,FRANCHISE_CORE
Jacob deGrom,MLB,PITCHER,VETERAN,FRANCHISE_CORE
Jasson Dominguez,MLB,OUTFIELDER,YEAR_3,FRANCHISE_CORE
Jordan Lawlar,MLB,INFIELDER,YEAR_3,FRANCHISE_CORE
Jazz Chisholm Jr.,MLB,INFIELDER,PRIME,FRANCHISE_CORE
Joe Mauer,MLB,CATCHER,RETIRED_HOF,RETIRED_ICON
Joe Ryan,MLB,PITCHER,PRIME,SOLID_STARTER
Joey Gallo,MLB,OUTFIELDER,PRIME,UNCERTAIN_ROLE
Joey Votto,MLB,INFIELDER,VETERAN,OUT_OF_LEAGUE
Jonathan India,MLB,INFIELDER,PRIME,SOLID_STARTER
Junior Caminero,MLB,INFIELDER,YEAR_3,FRANCHISE_CORE
Jordan Montgomery,MLB,PITCHER,PRIME,SOLID_STARTER
Jordan Walker,MLB,OUTFIELDER,PRIME,FRANCHISE_CORE
Jorge Soler,MLB,OUTFIELDER,PRIME,SOLID_STARTER
Jose Altuve,MLB,INFIELDER,PRIME,FRANCHISE_CORE
Jose Alvarado,MLB,PITCHER,PRIME,SOLID_STARTER
Jose Ramirez,MLB,INFIELDER,PRIME,FRANCHISE_CORE
Josh Bell,MLB,INFIELDER,PRIME,UNCERTAIN_ROLE
Josh Hader,MLB,PITCHER,PRIME,FRANCHISE_CORE
Josh Naylor,MLB,INFIELDER,PRIME,FRANCHISE_CORE
Juan Soto,MLB,OUTFIELDER,PRIME,FRANCHISE_CORE
Julio Rodriguez,MLB,OUTFIELDER,PRIME,FRANCHISE_CORE
Kyle Harrison,MLB,PITCHER,YEAR_3,SOLID_STARTER
Justin Verlander,MLB,PITCHER,VETERAN,FRANCHISE_CORE
Ken Griffey Jr.,MLB,OUTFIELDER,RETIRED_HOF,RETIRED_ICON
Ketel Marte,MLB,INFIELDER,PRIME,FRANCHISE_CORE
Kevin Gausman,MLB,PITCHER,PRIME,SOLID_STARTER
Kodai Senga,MLB,PITCHER,PRIME,FRANCHISE_CORE
Kyle Bradish,MLB,PITCHER,PRIME,FRANCHISE_CORE
Lawrence Butler,MLB,OUTFIELDER,YEAR_3,FRANCHISE_CORE
Kyle Tucker,MLB,OUTFIELDER,PRIME,FRANCHISE_CORE
Lane Thomas,MLB,OUTFIELDER,PRIME,SOLID_STARTER
Marcelo Mayer,MLB,INFIELDER,ROOKIE,FRANCHISE_CORE
Logan Gilbert,MLB,PITCHER,PRIME,FRANCHISE_CORE
Logan Webb,MLB,PITCHER,PRIME,FRANCHISE_CORE
Lou Gehrig,MLB,INFIELDER,RETIRED_HOF,RETIRED_ICON
Luis Castillo,MLB,PITCHER,PRIME,FRANCHISE_CORE
Luis Robert Jr.,MLB,OUTFIELDER,PRIME,FRANCHISE_CORE
Manny Machado,MLB,INFIELDER,PRIME,FRANCHISE_CORE
Marcell Ozuna,MLB,OUTFIELDER,PRIME,SOLID_STARTER
Masyn Winn,MLB,INFIELDER,YEAR_3,FRANCHISE_CORE
Marcus Semien,MLB,INFIELDER,PRIME,FRANCHISE_CORE
Mariano Rivera,MLB,PITCHER,RETIRED_HOF,RETIRED_ICON
Masahiro Tanaka,MLB,PITCHER,VETERAN,OUT_OF_LEAGUE
Masataka Yoshida,MLB,OUTFIELDER,PRIME,SOLID_STARTER
Matt McLain,MLB,INFIELDER,YEAR_3,FRANCHISE_CORE
Matt Carpenter,MLB,INFIELDER,VETERAN,OUT_OF_LEAGUE
Matt Chapman,MLB,INFIELDER,PRIME,FRANCHISE_CORE
Michael Busch,MLB,INFIELDER,YEAR_2,SOLID_STARTER
Matt Olson,MLB,INFIELDER,PRIME,FRANCHISE_CORE
Matt Reynolds,MLB,INFIELDER,PRIME,BACKUP_OR_FRINGE
Matt Vierling,MLB,OUTFIELDER,PRIME,SOLID_STARTER
Max Fried,MLB,PITCHER,PRIME,FRANCHISE_CORE
Max Muncy,MLB,INFIELDER,PRIME,FRANCHISE_CORE
Max Scherzer,MLB,PITCHER,VETERAN,FRANCHISE_CORE
Noelvi Marte,MLB,INFIELDER,YEAR_3,SOLID_STARTER
Michael Harris II,MLB,OUTFIELDER,PRIME,FRANCHISE_CORE
Mickey Mantle,MLB,OUTFIELDER,RETIRED_HOF,RETIRED_ICON
Mike Piazza,MLB,CATCHER,RETIRED_HOF,RETIRED_ICON
Mike Trout,MLB,OUTFIELDER,PRIME,FRANCHISE_CORE
Mookie Betts,MLB,OUTFIELDER,PRIME,FRANCHISE_CORE
Nick Castellanos,MLB,OUTFIELDER,PRIME,SOLID_STARTER
Nico Hoerner,MLB,INFIELDER,PRIME,FRANCHISE_CORE
Paul Skenes,MLB,PITCHER,YEAR_2,FRANCHISE_CORE
Nolan Arenado,MLB,INFIELDER,PRIME,FRANCHISE_CORE
Nolan Ryan,MLB,PITCHER,RETIRED_HOF,RETIRED_ICON
Shohei Ohtani,MLB,PITCHER,PRIME,FRANCHISE_CORE
Omar,MLB,INFIELDER,OUT_OF_LEAGUE,OUT_OF_LEAGUE
Omar Narvaez,MLB,CATCHER,VETERAN,SOLID_STARTER
Oneil Cruz,MLB,INFIELDER,PRIME,FRANCHISE_CORE
Ozzie Albies,MLB,INFIELDER,PRIME,FRANCHISE_CORE
Julio Rodriguez,MLB,OUTFIELDER,PRIME,FRANCHISE_CORE
Pete Crow-Armstrong,MLB,OUTFIELDER,YEAR_3,FRANCHISE_CORE
Justin Verlander,MLB,PITCHER,VETERAN,FRANCHISE_CORE
Ken Griffey Jr.,MLB,OUTFIELDER,RETIRED_HOF,RETIRED_ICON
Ketel Marte,MLB,INFIELDER,PRIME,FRANCHISE_CORE
Kevin Gausman,MLB,PITCHER,PRIME,SOLID_STARTER
Kodai Senga,MLB,PITCHER,PRIME,FRANCHISE_CORE
Kyle Bradish,MLB,PITCHER,PRIME,FRANCHISE_CORE
Roki Sasaki,MLB,PITCHER,YEAR_2,FRANCHISE_CORE
Kyle Tucker,MLB,OUTFIELDER,PRIME,FRANCHISE_CORE
Lane Thomas,MLB,OUTFIELDER,PRIME,SOLID_STARTER
Royce Lewis,MLB,INFIELDER,YEAR_4,FRANCHISE_CORE
Logan Gilbert,MLB,PITCHER,PRIME,FRANCHISE_CORE
Logan Webb,MLB,PITCHER,PRIME,FRANCHISE_CORE
Lou Gehrig,MLB,INFIELDER,RETIRED_HOF,RETIRED_ICON
Luis Castillo,MLB,PITCHER,PRIME,FRANCHISE_CORE
Luis Robert Jr.,MLB,OUTFIELDER,PRIME,FRANCHISE_CORE
Manny Machado,MLB,INFIELDER,PRIME,FRANCHISE_CORE
Marcell Ozuna,MLB,OUTFIELDER,PRIME,SOLID_STARTER
Sal Frelick,MLB,OUTFIELDER,YEAR_3,SOLID_STARTER
Marcus Semien,MLB,INFIELDER,PRIME,FRANCHISE_CORE
Mariano Rivera,MLB,PITCHER,RETIRED_HOF,RETIRED_ICON
Masahiro Tanaka,MLB,PITCHER,VETERAN,OUT_OF_LEAGUE
Masataka Yoshida,MLB,OUTFIELDER,PRIME,SOLID_STARTER
Shota Imanaga,MLB,PITCHER,YEAR_2,FRANCHISE_CORE
Matt Carpenter,MLB,INFIELDER,VETERAN,OUT_OF_LEAGUE
Matt Chapman,MLB,INFIELDER,PRIME,FRANCHISE_CORE
Tanner Bibee,MLB,PITCHER,YEAR_3,FRANCHISE_CORE
Matt Olson,MLB,INFIELDER,PRIME,FRANCHISE_CORE
Matt Reynolds,MLB,INFIELDER,PRIME,BACKUP_OR_FRINGE
Matt Vierling,MLB,OUTFIELDER,PRIME,SOLID_STARTER
Max Fried,MLB,PITCHER,PRIME,FRANCHISE_CORE
Max Muncy,MLB,INFIELDER,PRIME,FRANCHISE_CORE
Max Scherzer,MLB,PITCHER,VETERAN,FRANCHISE_CORE
Wyatt Langford,MLB,OUTFIELDER,YEAR_2,FRANCHISE_CORE
Michael Harris II,MLB,OUTFIELDER,PRIME,FRANCHISE_CORE
Mickey Mantle,MLB,OUTFIELDER,RETIRED_HOF,RETIRED_ICON
Mike Piazza,MLB,CATCHER,RETIRED_HOF,RETIRED_ICON
Mike Trout,MLB,OUTFIELDER,PRIME,FRANCHISE_CORE
Mookie Betts,MLB,OUTFIELDER,PRIME,FRANCHISE_CORE
Nick Castellanos,MLB,OUTFIELDER,PRIME,SOLID_STARTER
Nico Hoerner,MLB,INFIELDER,PRIME,FRANCHISE_CORE
Yoshinobu Yamamoto,MLB,PITCHER,YEAR_2,FRANCHISE_CORE
Nolan Arenado,MLB,INFIELDER,PRIME,FRANCHISE_CORE
Nolan Ryan,MLB,PITCHER,RETIRED_HOF,RETIRED_ICON
Shohei Ohtani,MLB,PITCHER,PRIME,FRANCHISE_CORE
Omar,MLB,INFIELDER,OUT_OF_LEAGUE,OUT_OF_LEAGUE
Omar Narvaez,MLB,CATCHER,VETERAN,UNCERTAIN_ROLE
Oneil Cruz,MLB,INFIELDER,PRIME,FRANCHISE_CORE
Ozzie Albies,MLB,INFIELDER,PRIME,FRANCHISE_CORE
Pablo Lopez,MLB,PITCHER,PRIME,FRANCHISE_CORE
Paul DeJong,MLB,INFIELDER,PRIME,BACKUP_OR_FRINGE
Paul Goldschmidt,MLB,INFIELDER,PRIME,FRANCHISE_CORE
Ace Bailey,NBA,GUARD,ROOKIE,SOLID_STARTER
Pete Alonso,MLB,INFIELDER,PRIME,FRANCHISE_CORE
Alexandre Sarr,NBA,BIG,YEAR_2,FRANCHISE_CORE
Rafael Devers,MLB,INFIELDER,PRIME,FRANCHISE_CORE
Reid Detmers,MLB,PITCHER,PRIME,SOLID_STARTER
Rhys Hoskins,MLB,INFIELDER,PRIME,SOLID_STARTER
Riley Greene,MLB,OUTFIELDER,PRIME,FRANCHISE_CORE
Roberto Clemente,MLB,OUTFIELDER,RETIRED_HOF,RETIRED_ICON
Amen Thompson,NBA,WING,YEAR_3,FRANCHISE_CORE
Ronald Acuna Jr.,MLB,OUTFIELDER,PRIME,FRANCHISE_CORE
Ausar Thompson,NBA,WING,YEAR_3,FRANCHISE_CORE
Ryan Helsley,MLB,PITCHER,PRIME,FRANCHISE_CORE
Brandon Miller,NBA,WING,YEAR_3,FRANCHISE_CORE
Salvador Perez,MLB,CATCHER,PRIME,FRANCHISE_CORE
Sandy Alcantara,MLB,PITCHER,PRIME,FRANCHISE_CORE
Sandy Koufax,MLB,PITCHER,RETIRED_HOF,RETIRED_ICON
Sean Murphy,MLB,CATCHER,PRIME,FRANCHISE_CORE
Seiya Suzuki,MLB,OUTFIELDER,PRIME,FRANCHISE_CORE
Shane Bieber,MLB,PITCHER,PRIME,FRANCHISE_CORE
Shohei Ohtani,MLB,PITCHER,PRIME,FRANCHISE_CORE
Shota Imanaga,MLB,PITCHER,PRIME,FRANCHISE_CORE
Sonny Gray,MLB,PITCHER,PRIME,SOLID_STARTER
Spencer Strider,MLB,PITCHER,PRIME,FRANCHISE_CORE
Spencer Torkelson,MLB,INFIELDER,PRIME,SOLID_STARTER
Stan Musial,MLB,OUTFIELDER,RETIRED_HOF,RETIRED_ICON
Starling Marte,MLB,OUTFIELDER,VETERAN,SOLID_STARTER
Tanner Bibee,MLB,PITCHER,PRIME,FRANCHISE_CORE
Tarik Skubal,MLB,PITCHER,PRIME,FRANCHISE_CORE
Ted Williams,MLB,OUTFIELDER,RETIRED_HOF,RETIRED_ICON
Teoscar Hernandez,MLB,OUTFIELDER,PRIME,SOLID_STARTER
Tim Anderson,MLB,INFIELDER,PRIME,UNCERTAIN_ROLE
Tommy Edman,MLB,INFIELDER,PRIME,SOLID_STARTER
Trea Turner,MLB,INFIELDER,PRIME,FRANCHISE_CORE
Trevor Story,MLB,INFIELDER,PRIME,SOLID_STARTER
Ty Cobb,MLB,OUTFIELDER,RETIRED_HOF,RETIRED_ICON
Tyler Glasnow,MLB,PITCHER,PRIME,FRANCHISE_CORE
Tyler O'Neill,MLB,OUTFIELDER,PRIME,SOLID_STARTER
Vladimir Guerrero Jr.,MLB,INFIELDER,PRIME,FRANCHISE_CORE
Walker Buehler,MLB,PITCHER,PRIME,FRANCHISE_CORE
Wander Franco,MLB,INFIELDER,PRIME,OUT_OF_LEAGUE
Will Smith,MLB,CATCHER,PRIME,FRANCHISE_CORE
William Contreras,MLB,CATCHER,PRIME,FRANCHISE_CORE
Willie Mays,MLB,OUTFIELDER,RETIRED_HOF,RETIRED_ICON
Willson Contreras,MLB,CATCHER,PRIME,SOLID_STARTER
Cooper Flagg,NBA,WING,ROOKIE,FRANCHISE_CORE
Pablo Lopez,MLB,PITCHER,PRIME,FRANCHISE_CORE
Paul DeJong,MLB,INFIELDER,PRIME,BACKUP_OR_FRINGE
Paul Goldschmidt,MLB,INFIELDER,VETERAN,FRANCHISE_CORE
Dalton Knecht,NBA,WING,YEAR_2,SOLID_STARTER
Pete Alonso,MLB,INFIELDER,PRIME,FRANCHISE_CORE
Dereck Lively II,NBA,BIG,YEAR_3,FRANCHISE_CORE
Rafael Devers,MLB,INFIELDER,PRIME,FRANCHISE_CORE
Reid Detmers,MLB,PITCHER,PRIME,SOLID_STARTER
Rhys Hoskins,MLB,INFIELDER,PRIME,SOLID_STARTER
Riley Greene,MLB,OUTFIELDER,PRIME,FRANCHISE_CORE
Roberto Clemente,MLB,OUTFIELDER,RETIRED_HOF,RETIRED_ICON
Donovan Clingan,NBA,BIG,YEAR_2,SOLID_STARTER
Ronald Acuna Jr.,MLB,OUTFIELDER,PRIME,FRANCHISE_CORE
Gradey Dick,NBA,WING,YEAR_3,SOLID_STARTER
Ryan Helsley,MLB,PITCHER,PRIME,FRANCHISE_CORE
Jared McCain,NBA,GUARD,YEAR_2,SOLID_STARTER
Salvador Perez,MLB,CATCHER,VETERAN,FRANCHISE_CORE
Sandy Alcantara,MLB,PITCHER,PRIME,FRANCHISE_CORE
Sandy Koufax,MLB,PITCHER,RETIRED_HOF,RETIRED_ICON
Sean Murphy,MLB,CATCHER,PRIME,FRANCHISE_CORE
Seiya Suzuki,MLB,OUTFIELDER,PRIME,FRANCHISE_CORE
Shane Bieber,MLB,PITCHER,PRIME,FRANCHISE_CORE
Shohei Ohtani,MLB,PITCHER,PRIME,FRANCHISE_CORE
Keyonte George,NBA,GUARD,YEAR_3,SOLID_STARTER
Sonny Gray,MLB,PITCHER,VETERAN,SOLID_STARTER
Spencer Strider,MLB,PITCHER,PRIME,FRANCHISE_CORE
Spencer Torkelson,MLB,INFIELDER,PRIME,SOLID_STARTER
Stan Musial,MLB,OUTFIELDER,RETIRED_HOF,RETIRED_ICON
Starling Marte,MLB,OUTFIELDER,VETERAN,SOLID_STARTER
Reed Sheppard,NBA,GUARD,YEAR_2,SOLID_STARTER
Tarik Skubal,MLB,PITCHER,PRIME,FRANCHISE_CORE
Ted Williams,MLB,OUTFIELDER,RETIRED_HOF,RETIRED_ICON
Teoscar Hernandez,MLB,OUTFIELDER,VETERAN,SOLID_STARTER
Tim Anderson,MLB,INFIELDER,VETERAN,UNCERTAIN_ROLE
Tommy Edman,MLB,INFIELDER,PRIME,SOLID_STARTER
Trea Turner,MLB,INFIELDER,VETERAN,FRANCHISE_CORE
Trevor Story,MLB,INFIELDER,VETERAN,SOLID_STARTER
Ty Cobb,MLB,OUTFIELDER,RETIRED_HOF,RETIRED_ICON
Tyler Glasnow,MLB,PITCHER,VETERAN,FRANCHISE_CORE
Tyler O'Neill,MLB,OUTFIELDER,PRIME,SOLID_STARTER
Vladimir Guerrero Jr.,MLB,INFIELDER,PRIME,FRANCHISE_CORE
Walker Buehler,MLB,PITCHER,PRIME,FRANCHISE_CORE
Wander Franco,MLB,INFIELDER,PRIME,OUT_OF_LEAGUE
Will Smith,MLB,CATCHER,PRIME,FRANCHISE_CORE
William Contreras,MLB,CATCHER,PRIME,FRANCHISE_CORE
Willie Mays,MLB,OUTFIELDER,RETIRED_HOF,RETIRED_ICON
Willson Contreras,MLB,CATCHER,PRIME,SOLID_STARTER
Scoot Henderson,NBA,GUARD,YEAR_3,FRANCHISE_CORE
Xander Bogaerts,MLB,INFIELDER,PRIME,FRANCHISE_CORE
Yadier Molina,MLB,CATCHER,RETIRED_HOF,RETIRED_ICON
Yordan Alvarez,MLB,OUTFIELDER,PRIME,FRANCHISE_CORE
Stephon Castle,NBA,GUARD,YEAR_2,SOLID_STARTER
Yu Darvish,MLB,PITCHER,VETERAN,SOLID_STARTER
Zac Gallen,MLB,PITCHER,PRIME,FRANCHISE_CORE
Zack Wheeler,MLB,PITCHER,PRIME,FRANCHISE_CORE
Aaron Gordon,NBA,WING,PRIME,SOLID_STARTER
Victor Wembanyama,NBA,BIG,YEAR_3,FRANCHISE_CORE
Alex Caruso,NBA,GUARD,PRIME,SOLID_STARTER
Walter Clayton Jr.,NBA,GUARD,ROOKIE,ROTATION_PLAYER
Allen Iverson,NBA,GUARD,RETIRED_HOF,RETIRED_ICON
Alperen Sengun,NBA,BIG,PRIME,FRANCHISE_CORE
Zaccharie Risacher,NBA,WING,YEAR_2,FRANCHISE_CORE
Andrew Wiggins,NBA,WING,PRIME,SOLID_STARTER
Anfernee Simons,NBA,GUARD,PRIME,SOLID_STARTER
Anthony Bennett,NBA,BIG,BUST,OUT_OF_LEAGUE
Anthony Davis,NBA,BIG,PRIME,FRANCHISE_CORE
Anthony Edwards,NBA,WING,PRIME,FRANCHISE_CORE
Zach Edey,NBA,BIG,YEAR_2,SOLID_STARTER
Austin Reaves,NBA,GUARD,PRIME,SOLID_STARTER
Bam Adebayo,NBA,BIG,PRIME,FRANCHISE_CORE
Ben Simmons,NBA,GUARD,PRIME,UNCERTAIN_ROLE
Bogdan Bogdanovic,NBA,WING,PRIME,SOLID_STARTER
Bradley Beal,NBA,GUARD,PRIME,SOLID_STARTER
Brandon Ingram,NBA,WING,PRIME,FRANCHISE_CORE
Abdul Carter,NFL,EDGE,ROOKIE,FRANCHISE_CORE
Brook Lopez,NBA,BIG,VETERAN,SOLID_STARTER
Buddy Hield,NBA,WING,PRIME,SOLID_STARTER
Cade Cunningham,NBA,GUARD,PRIME,FRANCHISE_CORE
Cam Thomas,NBA,GUARD,PRIME,SOLID_STARTER
Charles Barkley,NBA,BIG,RETIRED_HOF,RETIRED_ICON
Chet Holmgren,NBA,BIG,PRIME,FRANCHISE_CORE
Chris Bosh,NBA,BIG,RETIRED_HOF,RETIRED_ICON
Chris Paul,NBA,GUARD,VETERAN,SOLID_STARTER
Clint Capela,NBA,BIG,PRIME,SOLID_STARTER
Coby White,NBA,GUARD,PRIME,SOLID_STARTER
Anthony Richardson,NFL,QB,YEAR_3,FRANCHISE_CORE
Arch Manning,NFL,QB,ROOKIE,FRANCHISE_CORE
Damian Lillard,NBA,GUARD,PRIME,FRANCHISE_CORE
Darius Garland,NBA,GUARD,PRIME,FRANCHISE_CORE
Darko Milicic,NBA,BIG,BUST,OUT_OF_LEAGUE
De'Aaron Fox,NBA,GUARD,PRIME,FRANCHISE_CORE
DeMar DeRozan,NBA,WING,PRIME,SOLID_STARTER
Deandre Ayton,NBA,BIG,PRIME,SOLID_STARTER
Dejounte Murray,NBA,GUARD,PRIME,FRANCHISE_CORE
Ashton Jeanty,NFL,RB,ROOKIE,FRANCHISE_CORE
Derrick White,NBA,GUARD,PRIME,SOLID_STARTER
Desmond Bane,NBA,WING,PRIME,FRANCHISE_CORE
Devin Booker,NBA,GUARD,PRIME,FRANCHISE_CORE
Dirk Nowitzki,NBA,BIG,RETIRED_HOF,RETIRED_ICON
Domantas Sabonis,NBA,BIG,PRIME,FRANCHISE_CORE
Bo Nix,NFL,QB,YEAR_2,SOLID_STARTER
Donovan Mitchell,NBA,GUARD,PRIME,FRANCHISE_CORE
Dwyane Wade,NBA,GUARD,RETIRED_HOF,RETIRED_ICON
Dyson Daniels,NBA,GUARD,PRIME,SOLID_STARTER
Evan Mobley,NBA,BIG,PRIME,FRANCHISE_CORE
Franz Wagner,NBA,WING,PRIME,FRANCHISE_CORE
Fred VanVleet,NBA,GUARD,PRIME,SOLID_STARTER
Giannis Antetokounmpo,NBA,BIG,PRIME,FRANCHISE_CORE
Brock Bowers,NFL,TE,YEAR_2,FRANCHISE_CORE
Grant Williams,NBA,BIG,PRIME,ROTATION_PLAYER
Greg Oden,NBA,BIG,BUST,OUT_OF_LEAGUE
Hakeem Olajuwon,NBA,BIG,RETIRED_HOF,RETIRED_ICON
Harrison Barnes,NBA,WING,PRIME,SOLID_STARTER
Hasheem Thabeet,NBA,BIG,BUST,OUT_OF_LEAGUE
Herb Jones,NBA,WING,PRIME,FRANCHISE_CORE
Immanuel Quickley,NBA,GUARD,PRIME,SOLID_STARTER
Ja Morant,NBA,GUARD,PRIME,FRANCHISE_CORE
Jabari Smith Jr.,NBA,BIG,PRIME,FRANCHISE_CORE
Jaden Ivey,NBA,GUARD,PRIME,SOLID_STARTER
Jaime Jaquez Jr.,NBA,WING,PRIME,SOLID_STARTER
Jalen Brunson,NBA,GUARD,PRIME,FRANCHISE_CORE
Jalen Duren,NBA,BIG,PRIME,FRANCHISE_CORE
Jalen Green,NBA,GUARD,PRIME,FRANCHISE_CORE
Jalen Suggs,NBA,GUARD,PRIME,SOLID_STARTER
Jalen Williams,NBA,WING,PRIME,FRANCHISE_CORE
Jamal Murray,NBA,GUARD,PRIME,FRANCHISE_CORE
James Harden,NBA,GUARD,VETERAN,FRANCHISE_CORE
James Wiseman,NBA,BIG,BUST,OUT_OF_LEAGUE
Bryce Young,NFL,QB,YEAR_3,SOLID_STARTER
Jaren Jackson Jr.,NBA,BIG,PRIME,FRANCHISE_CORE
Jarrett Allen,NBA,BIG,PRIME,FRANCHISE_CORE
Jaylen Brown,NBA,WING,PRIME,FRANCHISE_CORE
Jayson Tatum,NBA,WING,PRIME,FRANCHISE_CORE
Jerami Grant,NBA,WING,PRIME,SOLID_STARTER
Jimmy Butler,NBA,WING,PRIME,FRANCHISE_CORE
Joel Embiid,NBA,BIG,PRIME,FRANCHISE_CORE
John Collins,NBA,BIG,PRIME,SOLID_STARTER
Jonathan Kuminga,NBA,WING,PRIME,FRANCHISE_CORE
Jordan Poole,NBA,GUARD,PRIME,UNCERTAIN_ROLE
Josh Giddey,NBA,GUARD,PRIME,SOLID_STARTER
Jrue Holiday,NBA,GUARD,PRIME,SOLID_STARTER
Julius Randle,NBA,BIG,PRIME,FRANCHISE_CORE
Karl-Anthony Towns,NBA,BIG,PRIME,FRANCHISE_CORE
Kawhi Leonard,NBA,WING,PRIME,FRANCHISE_CORE
Keegan Murray,NBA,WING,PRIME,FRANCHISE_CORE
Keldon Johnson,NBA,WING,PRIME,SOLID_STARTER
Kelly Olynyk,NBA,BIG,PRIME,SOLID_STARTER
Kentavious Caldwell-Pope,NBA,WING,PRIME,SOLID_STARTER
Kevin Durant,NBA,WING,PRIME,FRANCHISE_CORE
Kevin Garnett,NBA,BIG,RETIRED_HOF,RETIRED_ICON
Bucky Irving,NFL,RB,YEAR_2,SOLID_STARTER
Klay Thompson,NBA,WING,PRIME,SOLID_STARTER
Kobe Bryant,NBA,WING,RETIRED_HOF,RETIRED_ICON
Kristaps Porzingis,NBA,BIG,PRIME,SOLID_STARTER
Kyle Kuzma,NBA,WING,PRIME,SOLID_STARTER
Kyrie Irving,NBA,GUARD,PRIME,FRANCHISE_CORE
LaMelo Ball,NBA,GUARD,PRIME,FRANCHISE_CORE
Larry Bird,NBA,WING,RETIRED_HOF,RETIRED_ICON
Lauri Markkanen,NBA,WING,PRIME,FRANCHISE_CORE
LeBron James,NBA,WING,VETERAN,FRANCHISE_CORE
Lonzo Ball,NBA,GUARD,PRIME,UNCERTAIN_ROLE
Luka Doncic,NBA,GUARD,PRIME,FRANCHISE_CORE
Magic Johnson,NBA,GUARD,RETIRED_HOF,RETIRED_ICON
Malcolm Brogdon,NBA,GUARD,PRIME,SOLID_STARTER
Malik Monk,NBA,GUARD,PRIME,SOLID_STARTER
Marcus Morris,NBA,WING,PRIME,ROTATION_PLAYER
Marcus Smart,NBA,GUARD,PRIME,SOLID_STARTER
Mark Williams,NBA,BIG,PRIME,SOLID_STARTER
Mason Plumlee,NBA,BIG,VETERAN,ROTATION_PLAYER
Michael Jordan,NBA,WING,RETIRED_HOF,RETIRED_ICON
Mikal Bridges,NBA,WING,PRIME,FRANCHISE_CORE
Mitchell Robinson,NBA,BIG,PRIME,SOLID_STARTER
Nikola Jokic,NBA,BIG,PRIME,FRANCHISE_CORE
Nikola Vucevic,NBA,BIG,PRIME,SOLID_STARTER
Norman Powell,NBA,WING,PRIME,SOLID_STARTER
OG Anunoby,NBA,WING,PRIME,FRANCHISE_CORE
Onyeka Okongwu,NBA,BIG,PRIME,SOLID_STARTER
PJ Washington,NBA,BIG,PRIME,SOLID_STARTER
Paolo Banchero,NBA,BIG,PRIME,FRANCHISE_CORE
Pascal Siakam,NBA,BIG,PRIME,FRANCHISE_CORE
Paul George,NBA,WING,PRIME,FRANCHISE_CORE
Paul Pierce,NBA,WING,RETIRED_HOF,RETIRED_ICON
RJ Barrett,NBA,WING,PRIME,SOLID_STARTER
Caleb Williams,NFL,QB,YEAR_2,FRANCHISE_CORE
Robert Williams,NBA,BIG,PRIME,UNCERTAIN_ROLE
Rudy Gobert,NBA,BIG,PRIME,FRANCHISE_CORE
Cam Skattebo,NFL,RB,ROOKIE,SOLID_STARTER
Scottie Barnes,NBA,WING,PRIME,FRANCHISE_CORE
Shai Gilgeous-Alexander,NBA,GUARD,PRIME,FRANCHISE_CORE
Shaquille O'Neal,NBA,BIG,RETIRED_HOF,RETIRED_ICON
Spencer Dinwiddie,NBA,GUARD,PRIME,SOLID_STARTER
Stephen Curry,NBA,GUARD,PRIME,FRANCHISE_CORE
Cam Ward,NFL,QB,ROOKIE,FRANCHISE_CORE
Steven Adams,NBA,BIG,VETERAN,SOLID_STARTER
Tari Eason,NBA,WING,PRIME,SOLID_STARTER
Tim Duncan,NBA,BIG,RETIRED_HOF,RETIRED_ICON
Tobias Harris,NBA,WING,PRIME,SOLID_STARTER
Trae Young,NBA,GUARD,PRIME,FRANCHISE_CORE
Tyrese Haliburton,NBA,GUARD,PRIME,FRANCHISE_CORE
Tyrese Maxey,NBA,GUARD,PRIME,FRANCHISE_CORE
Victor Oladipo,NBA,GUARD,VETERAN,OUT_OF_LEAGUE
Chase Brown,NFL,RB,YEAR_3,ROTATION_PLAYER
Walker Kessler,NBA,BIG,PRIME,SOLID_STARTER
Colston Loveland,NFL,TE,ROOKIE,FRANCHISE_CORE
Cooper DeJean,NFL,CB,YEAR_2,SOLID_STARTER
De'Von Achane,NFL,RB,YEAR_3,FRANCHISE_CORE
Zach LaVine,NBA,GUARD,PRIME,SOLID_STARTER
Zion Williamson,NBA,BIG,PRIME,FRANCHISE_CORE
A.J. Brown,NFL,WR,PRIME,FRANCHISE_CORE
AJ Dillon,NFL,RB,PRIME,ROTATION_PLAYER
Aaron Jones,NFL,RB,PRIME,SOLID_STARTER
Aaron Rodgers,NFL,QB,VETERAN,FRANCHISE_CORE
Dillon Gabriel,NFL,QB,ROOKIE,UNCERTAIN_ROLE
Adam Thielen,NFL,WR,VETERAN,SOLID_STARTER
Aidan Hutchinson,NFL,EDGE,PRIME,FRANCHISE_CORE
Alexander Mattison,NFL,RB,PRIME,ROTATION_PLAYER
Allen Lazard,NFL,WR,PRIME,ROTATION_PLAYER
Alvin Kamara,NFL,RB,PRIME,FRANCHISE_CORE
Amari Cooper,NFL,WR,PRIME,SOLID_STARTER
Amon-Ra St. Brown,NFL,WR,PRIME,FRANCHISE_CORE
Andy Dalton,NFL,QB,VETERAN,BACKUP_OR_FRINGE
Drake Maye,NFL,QB,YEAR_2,FRANCHISE_CORE
Antoine Winfield Jr.,NFL,S,PRIME,FRANCHISE_CORE
Antonio Gibson,NFL,RB,PRIME,ROTATION_PLAYER
Harold Fannin Jr.,NFL,TE,ROOKIE,SOLID_STARTER
Isaac TeSlaa,NFL,WR,ROOKIE,SOLID_STARTER
Baker Mayfield,NFL,QB,PRIME,SOLID_STARTER
Bijan Robinson,NFL,RB,PRIME,FRANCHISE_CORE
J.J. McCarthy,NFL,QB,YEAR_2,FRANCHISE_CORE
Bobby Wagner,NFL,LB,VETERAN,FRANCHISE_CORE
Brandin Cooks,NFL,WR,PRIME,SOLID_STARTER
Brandon Aiyuk,NFL,WR,PRIME,FRANCHISE_CORE
Breece Hall,NFL,RB,PRIME,FRANCHISE_CORE
Brian Robinson Jr.,NFL,RB,PRIME,SOLID_STARTER
Jaleel McLaughlin,NFL,RB,YEAR_3,ROTATION_PLAYER
Brock Purdy,NFL,QB,PRIME,FRANCHISE_CORE
Jared Verse,NFL,EDGE,YEAR_2,FRANCHISE_CORE
Jaxon Smith-Njigba,NFL,WR,YEAR_3,FRANCHISE_CORE
C.J. Stroud,NFL,QB,PRIME,FRANCHISE_CORE
Jaxson Dart,NFL,QB,ROOKIE,FRANCHISE_CORE
Calvin Johnson,NFL,WR,RETIRED_HOF,RETIRED_ICON
Calvin Ridley,NFL,WR,PRIME,SOLID_STARTER
Jayden Daniels,NFL,QB,YEAR_2,FRANCHISE_CORE
Josh Downs,NFL,WR,YEAR_3,SOLID_STARTER
CeeDee Lamb,NFL,WR,PRIME,FRANCHISE_CORE
Kendre Miller,NFL,RB,YEAR_3,ROTATION_PLAYER
Chris Godwin,NFL,WR,PRIME,SOLID_STARTER
Chris Olave,NFL,WR,PRIME,FRANCHISE_CORE
Christian Gonzalez,NFL,CB,PRIME,FRANCHISE_CORE
Christian McCaffrey,NFL,RB,PRIME,FRANCHISE_CORE
Clyde Edwards-Helaire,NFL,RB,PRIME,ROTATION_PLAYER
Cole Kmet,NFL,TE,PRIME,SOLID_STARTER
Kyle Williams,NFL,WR,ROOKIE,SOLID_STARTER
Malik Nabers,NFL,WR,YEAR_2,FRANCHISE_CORE
Cooper Kupp,NFL,WR,PRIME,FRANCHISE_CORE
Courtland Sutton,NFL,WR,PRIME,SOLID_STARTER
Curtis Samuel,NFL,WR,PRIME,ROTATION_PLAYER
DK Metcalf,NFL,WR,PRIME,FRANCHISE_CORE
DaRon Bland,NFL,CB,PRIME,FRANCHISE_CORE
Dak Prescott,NFL,QB,PRIME,FRANCHISE_CORE
Dallas Goedert,NFL,TE,PRIME,SOLID_STARTER
Dalton Kincaid,NFL,TE,PRIME,FRANCHISE_CORE
Dalvin Cook,NFL,RB,PRIME,ROTATION_PLAYER
Daniel Jones,NFL,QB,PRIME,UNCERTAIN_ROLE
Danielle Hunter,NFL,EDGE,PRIME,FRANCHISE_CORE
Darnell Mooney,NFL,WR,PRIME,ROTATION_PLAYER
Davante Adams,NFL,WR,PRIME,FRANCHISE_CORE
David Montgomery,NFL,RB,PRIME,SOLID_STARTER
Marvin Harrison Jr.,NFL,WR,YEAR_2,FRANCHISE_CORE
DeAndre Hopkins,NFL,WR,PRIME,SOLID_STARTER
DeVonta Smith,NFL,WR,PRIME,FRANCHISE_CORE
Deebo Samuel,NFL,WR,PRIME,FRANCHISE_CORE
Demario Davis,NFL,LB,VETERAN,FRANCHISE_CORE
Denzel Ward,NFL,CB,PRIME,FRANCHISE_CORE
Derek Carr,NFL,QB,PRIME,SOLID_STARTER
Derek Stingley Jr.,NFL,CB,PRIME,FRANCHISE_CORE
Derrick Henry,NFL,RB,PRIME,FRANCHISE_CORE
Derwin James Jr.,NFL,S,PRIME,FRANCHISE_CORE
Desmond Ridder,NFL,QB,PRIME,BACKUP_OR_FRINGE
Devin White,NFL,LB,PRIME,UNCERTAIN_ROLE
Devon Witherspoon,NFL,CB,PRIME,FRANCHISE_CORE
Mason Graham,NFL,DL,ROOKIE,FRANCHISE_CORE
Diontae Johnson,NFL,WR,PRIME,SOLID_STARTER
Drake London,NFL,WR,PRIME,FRANCHISE_CORE
Matthew Golden,NFL,WR,ROOKIE,ROTATION_PLAYER
Dre Greenlaw,NFL,LB,PRIME,FRANCHISE_CORE
Drew Brees,NFL,QB,RETIRED_HOF,RETIRED_ICON
Elijah Moore,NFL,WR,PRIME,ROTATION_PLAYER
Evan Engram,NFL,TE,PRIME,SOLID_STARTER
Ezekiel Elliott,NFL,RB,PRIME,ROTATION_PLAYER
Fred Warner,NFL,LB,PRIME,FRANCHISE_CORE
Gardner Minshew,NFL,QB,PRIME,BACKUP_OR_FRINGE
Garrett Wilson,NFL,WR,PRIME,FRANCHISE_CORE
Geno Smith,NFL,QB,PRIME,SOLID_STARTER
George Kittle,NFL,TE,PRIME,FRANCHISE_CORE
George Pickens,NFL,WR,PRIME,FRANCHISE_CORE
Gerald Everett,NFL,TE,PRIME,ROTATION_PLAYER
Michael Penix Jr.,NFL,QB,YEAR_2,UNCERTAIN_ROLE
Hunter Henry,NFL,TE,PRIME,SOLID_STARTER
Mike Green,NFL,EDGE,ROOKIE,ROTATION_PLAYER
Isaiah Likely,NFL,TE,PRIME,SOLID_STARTER
Isiah Pacheco,NFL,RB,PRIME,FRANCHISE_CORE
Puka Nacua,NFL,WR,YEAR_3,FRANCHISE_CORE
Ja'Marr Chase,NFL,WR,PRIME,FRANCHISE_CORE
JaMarcus Russell,NFL,QB,BUST,OUT_OF_LEAGUE
Jahmyr Gibbs,NFL,RB,PRIME,FRANCHISE_CORE
Jakobi Meyers,NFL,WR,PRIME,SOLID_STARTER
Quentin Johnston,NFL,WR,YEAR_3,SOLID_STARTER
Jalen Hurts,NFL,QB,PRIME,FRANCHISE_CORE
Jalen Ramsey,NFL,CB,PRIME,FRANCHISE_CORE
Jameis Winston,NFL,QB,PRIME,BACKUP_OR_FRINGE
James Cook,NFL,RB,PRIME,FRANCHISE_CORE
Jameson Williams,NFL,WR,PRIME,SOLID_STARTER
Quinyon Mitchell,NFL,CB,YEAR_2,SOLID_STARTER
RJ Harvey,NFL,RB,ROOKIE,SOLID_STARTER
Rashee Rice,NFL,WR,YEAR_3,FRANCHISE_CORE
Rome Odunze,NFL,WR,YEAR_2,FRANCHISE_CORE
Jayden Higgins,NFL,WR,PRIME,SOLID_STARTER
Jaylen Waddle,NFL,WR,PRIME,FRANCHISE_CORE
Jaylen Warren,NFL,RB,PRIME,ROTATION_PLAYER
Jaylon Johnson,NFL,CB,PRIME,FRANCHISE_CORE
Jerry Rice,NFL,WR,RETIRED_HOF,RETIRED_ICON
Jessie Bates III,NFL,S,PRIME,FRANCHISE_CORE
Jevon Holland,NFL,S,PRIME,FRANCHISE_CORE
Jimmy Garoppolo,NFL,QB,PRIME,BACKUP_OR_FRINGE
Joe Burrow,NFL,QB,PRIME,FRANCHISE_CORE
Joe Flacco,NFL,QB,VETERAN,BACKUP_OR_FRINGE
Joe Mixon,NFL,RB,PRIME,SOLID_STARTER
Joe Montana,NFL,QB,RETIRED_HOF,RETIRED_ICON
Joey Bosa,NFL,EDGE,PRIME,FRANCHISE_CORE
Johnny Manziel,NFL,QB,BUST,OUT_OF_LEAGUE
Jonathan Taylor,NFL,RB,PRIME,FRANCHISE_CORE
Jordan Addison,NFL,WR,PRIME,FRANCHISE_CORE
Jordan Love,NFL,QB,PRIME,FRANCHISE_CORE
Josh Allen,NFL,QB,PRIME,FRANCHISE_CORE
Roschon Johnson,NFL,RB,YEAR_3,ROTATION_PLAYER
Josh Jacobs,NFL,RB,PRIME,FRANCHISE_CORE
Josh Rosen,NFL,QB,BUST,OUT_OF_LEAGUE
JuJu Smith-Schuster,NFL,WR,PRIME,ROTATION_PLAYER
Justin Fields,NFL,QB,PRIME,UNCERTAIN_ROLE
Justin Herbert,NFL,QB,PRIME,FRANCHISE_CORE
Justin Jefferson,NFL,WR,PRIME,FRANCHISE_CORE
Justin Simmons,NFL,S,VETERAN,FRANCHISE_CORE
Kareem Hunt,NFL,RB,PRIME,ROTATION_PLAYER
Keenan Allen,NFL,WR,PRIME,SOLID_STARTER
Sam LaPorta,NFL,TE,YEAR_3,FRANCHISE_CORE
Kenneth Walker,NFL,RB,PRIME,FRANCHISE_CORE
Kenny Pickett,NFL,QB,PRIME,UNCERTAIN_ROLE
Kerby Joseph,NFL,S,PRIME,FRANCHISE_CORE
Khalil Mack,NFL,EDGE,VETERAN,FRANCHISE_CORE
Kirk Cousins,NFL,QB,PRIME,SOLID_STARTER
Kyle Hamilton,NFL,S,PRIME,FRANCHISE_CORE
Kyle Pitts,NFL,TE,PRIME,FRANCHISE_CORE
Shedeur Sanders,NFL,QB,ROOKIE,FRANCHISE_CORE
Kyren Williams,NFL,RB,PRIME,FRANCHISE_CORE
LaDainian Tomlinson,NFL,RB,RETIRED_HOF,RETIRED_ICON
Lamar Jackson,NFL,QB,PRIME,FRANCHISE_CORE
Latavius Murray,NFL,RB,VETERAN,ROTATION_PLAYER
Lavonte David,NFL,LB,VETERAN,FRANCHISE_CORE
Leonard Fournette,NFL,RB,PRIME,OUT_OF_LEAGUE
Le'Veon Bell,NFL,RB,VETERAN,OUT_OF_LEAGUE
Mac Jones,NFL,QB,PRIME,UNCERTAIN_ROLE
Tank Dell,NFL,WR,YEAR_3,FRANCHISE_CORE
Mark Andrews,NFL,TE,PRIME,FRANCHISE_CORE
Marlon Humphrey,NFL,CB,PRIME,FRANCHISE_CORE
Marshon Lattimore,NFL,CB,PRIME,FRANCHISE_CORE
Terrion Arnold,NFL,CB,YEAR_2,FRANCHISE_CORE
Tetairoa McMillan,NFL,WR,ROOKIE,FRANCHISE_CORE
Travis Hunter,NFL,WR,ROOKIE,FRANCHISE_CORE
Matthew Stafford,NFL,QB,PRIME,FRANCHISE_CORE
Maxx Crosby,NFL,EDGE,PRIME,FRANCHISE_CORE
Micah Parsons,NFL,EDGE,PRIME,FRANCHISE_CORE
Tre Harris,NFL,WR,ROOKIE,ROTATION_PLAYER
Michael Pittman Jr.,NFL,WR,PRIME,SOLID_STARTER
Michael Wilson,NFL,WR,PRIME,SOLID_STARTER
Mike Evans,NFL,WR,PRIME,FRANCHISE_CORE
Tyjae Spears,NFL,RB,YEAR_3,ROTATION_PLAYER
Mike Williams,NFL,WR,PRIME,UNCERTAIN_ROLE
Minkah Fitzpatrick,NFL,S,PRIME,FRANCHISE_CORE
Myles Garrett,NFL,EDGE,PRIME,FRANCHISE_CORE
Najee Harris,NFL,RB,PRIME,SOLID_STARTER
Nick Bosa,NFL,EDGE,PRIME,FRANCHISE_CORE
Nico Collins,NFL,WR,PRIME,FRANCHISE_CORE
Noah Fant,NFL,TE,PRIME,ROTATION_PLAYER
Odell Beckham Jr.,NFL,WR,PRIME,UNCERTAIN_ROLE
Pat Freiermuth,NFL,TE,PRIME,SOLID_STARTER
Pat Surtain II,NFL,CB,PRIME,FRANCHISE_CORE
Patrick Mahomes,NFL,QB,PRIME,FRANCHISE_CORE
Patrick Queen,NFL,LB,PRIME,FRANCHISE_CORE
Peyton Manning,NFL,QB,RETIRED_HOF,RETIRED_ICON
Tyler Allgeier,NFL,RB,YEAR_3,ROTATION_PLAYER
Tyler Burden III,NFL,WR,ROOKIE,FRANCHISE_CORE
Tyler Shough,NFL,QB,ROOKIE,UNCERTAIN_ROLE
Zach Charbonnet,NFL,RB,YEAR_3,ROTATION_PLAYER
Rachaad White,NFL,RB,PRIME,SOLID_STARTER
Randy Moss,NFL,WR,RETIRED_HOF,RETIRED_ICON
Zay Flowers,NFL,WR,YEAR_3,FRANCHISE_CORE
Rhamondre Stevenson,NFL,RB,PRIME,SOLID_STARTER
Rob Gronkowski,NFL,TE,RETIRED_HOF,RETIRED_ICON
Adam Fantilli,NHL,CENTER,YEAR_3,FRANCHISE_CORE
Roquan Smith,NFL,LB,PRIME,FRANCHISE_CORE
Connor Bedard,NHL,CENTER,YEAR_3,FRANCHISE_CORE
Russell Wilson,NFL,QB,PRIME,SOLID_STARTER
Ryan Leaf,NFL,QB,BUST,OUT_OF_LEAGUE
Sam Darnold,NFL,QB,PRIME,UNCERTAIN_ROLE
Sam Howell,NFL,QB,PRIME,UNCERTAIN_ROLE
David Jiricek,NHL,DEFENSEMAN,YEAR_4,SOLID_STARTER
Saquon Barkley,NFL,RB,PRIME,FRANCHISE_CORE
Sauce Gardner,NFL,CB,PRIME,FRANCHISE_CORE
Juraj Slafkovsky,NHL,WINGER,YEAR_4,FRANCHISE_CORE
Stefon Diggs,NFL,WR,PRIME,FRANCHISE_CORE
T.J. Hockenson,NFL,TE,PRIME,FRANCHISE_CORE
T.J. Watt,NFL,EDGE,PRIME,FRANCHISE_CORE
Talanoa Hufanga,NFL,S,PRIME,FRANCHISE_CORE
Logan Cooley,NHL,CENTER,YEAR_3,FRANCHISE_CORE
Tee Higgins,NFL,WR,PRIME,SOLID_STARTER
Terrell Owens,NFL,WR,RETIRED_HOF,RETIRED_ICON
Macklin Celebrini,NHL,CENTER,ROOKIE,FRANCHISE_CORE
Terry McLaurin,NFL,WR,PRIME,FRANCHISE_CORE
Matty Beniers,NHL,CENTER,YEAR_4,FRANCHISE_CORE
Tom Brady,NFL,QB,RETIRED_HOF,RETIRED_ICON
Tony Gonzalez,NFL,TE,RETIRED_HOF,RETIRED_ICON
Tony Pollard,NFL,RB,PRIME,SOLID_STARTER
Travis Etienne,NFL,RB,PRIME,FRANCHISE_CORE
Matvei Michkov,NHL,WINGER,ROOKIE,FRANCHISE_CORE
Travis Kelce,NFL,TE,PRIME,FRANCHISE_CORE
Owen Power,NHL,DEFENSEMAN,YEAR_4,FRANCHISE_CORE
Tremaine Edmunds,NFL,LB,PRIME,FRANCHISE_CORE
Trent McDuffie,NFL,CB,PRIME,FRANCHISE_CORE
Trevor Lawrence,NFL,QB,PRIME,FRANCHISE_CORE
Trey Hendrickson,NFL,EDGE,PRIME,FRANCHISE_CORE
Trey Lance,NFL,QB,PRIME,OUT_OF_LEAGUE
Tua Tagovailoa,NFL,QB,VETERAN,FRANCHISE_CORE
Tucker Kraft,NFL,TE,PRIME,SOLID_STARTER
Wyatt Johnston,NHL,CENTER,YEAR_4,FRANCHISE_CORE
Tyler Boyd,NFL,WR,PRIME,ROTATION_PLAYER
Tyler Higbee,NFL,TE,PRIME,SOLID_STARTER
Tyler Lockett,NFL,WR,PRIME,SOLID_STARTER
Tyreek Hill,NFL,WR,PRIME,FRANCHISE_CORE
Von Miller,NFL,EDGE,VETERAN,FRANCHISE_CORE
Wan'Dale Robinson,NFL,WR,PRIME,SOLID_STARTER
Will Anderson Jr.,NFL,EDGE,PRIME,FRANCHISE_CORE
Xavier McKinney,NFL,S,PRIME,FRANCHISE_CORE
Za'Darius Smith,NFL,EDGE,VETERAN,SOLID_STARTER
Zach Ertz,NFL,TE,VETERAN,SOLID_STARTER
Zach Wilson,NFL,QB,PRIME,UNCERTAIN_ROLE
Zack Baun,NFL,LB,PRIME,ROTATION_PLAYER
Adam Fox,NHL,DEFENSEMAN,PRIME,FRANCHISE_CORE
Al MacInnis,NHL,DEFENSEMAN,RETIRED_HOF,RETIRED_ICON
Aleksander Barkov,NHL,CENTER,PRIME,FRANCHISE_CORE
Alex Ovechkin,NHL,WINGER,VETERAN,FRANCHISE_CORE
Alex DeBrincat,NHL,WINGER,PRIME,FRANCHISE_CORE
Alex Pietrangelo,NHL,DEFENSEMAN,PRIME,SOLID_STARTER
Alexis Lafreniere,NHL,WINGER,PRIME,SOLID_STARTER
Andrei Vasilevskiy,NHL,GOALIE,PRIME,FRANCHISE_CORE
Anze Kopitar,NHL,CENTER,VETERAN,FRANCHISE_CORE
Artemi Panarin,NHL,WINGER,PRIME,FRANCHISE_CORE
Auston Matthews,NHL,CENTER,PRIME,FRANCHISE_CORE
Bo Horvat,NHL,CENTER,PRIME,SOLID_STARTER
Bobby Orr,NHL,DEFENSEMAN,RETIRED_HOF,RETIRED_ICON
Brad Marchand,NHL,WINGER,PRIME,FRANCHISE_CORE
Brady Tkachuk,NHL,WINGER,PRIME,FRANCHISE_CORE
Brayden Point,NHL,CENTER,PRIME,FRANCHISE_CORE
Brent Burns,NHL,DEFENSEMAN,VETERAN,SOLID_STARTER
Brett Hull,NHL,WINGER,RETIRED_HOF,RETIRED_ICON
Brian Leetch,NHL,DEFENSEMAN,RETIRED_HOF,RETIRED_ICON
Brock Boeser,NHL,WINGER,PRIME,SOLID_STARTER
Cale Makar,NHL,DEFENSEMAN,PRIME,FRANCHISE_CORE
Cam Talbot,NHL,GOALIE,VETERAN,SOLID_STARTER
Carey Price,NHL,GOALIE,RETIRED_HOF,RETIRED_ICON
Carter Hart,NHL,GOALIE,PRIME,OUT_OF_LEAGUE
Chandler Stephenson,NHL,CENTER,PRIME,SOLID_STARTER
Charlie McAvoy,NHL,DEFENSEMAN,PRIME,FRANCHISE_CORE
Chris Chelios,NHL,DEFENSEMAN,RETIRED_HOF,RETIRED_ICON
Chris Kreider,NHL,WINGER,PRIME,SOLID_STARTER
Claude Giroux,NHL,CENTER,VETERAN,SOLID_STARTER
Cole Caufield,NHL,WINGER,PRIME,FRANCHISE_CORE
Cole Sillinger,NHL,CENTER,PRIME,SOLID_STARTER
Connor Garland,NHL,WINGER,PRIME,SOLID_STARTER
Connor Hellebuyck,NHL,GOALIE,PRIME,FRANCHISE_CORE
Connor McDavid,NHL,CENTER,PRIME,FRANCHISE_CORE
Corey Perry,NHL,WINGER,VETERAN,SOLID_STARTER
Daniel Sedin,NHL,WINGER,RETIRED_HOF,RETIRED_ICON
David Pastrnak,NHL,WINGER,PRIME,FRANCHISE_CORE
Dominik Hasek,NHL,GOALIE,RETIRED_HOF,RETIRED_ICON
Dougie Hamilton,NHL,DEFENSEMAN,PRIME,SOLID_STARTER
Drew Doughty,NHL,DEFENSEMAN,PRIME,FRANCHISE_CORE
Duncan Keith,NHL,DEFENSEMAN,RETIRED_HOF,RETIRED_ICON
Dylan Cozens,NHL,CENTER,PRIME,SOLID_STARTER
Elias Pettersson,NHL,CENTER,PRIME,FRANCHISE_CORE
Erik Karlsson,NHL,DEFENSEMAN,PRIME,FRANCHISE_CORE
Evander Kane,NHL,WINGER,PRIME,SOLID_STARTER
Evgeni Malkin,NHL,CENTER,VETERAN,FRANCHISE_CORE
Filip Forsberg,NHL,WINGER,PRIME,FRANCHISE_CORE
Frederik Andersen,NHL,GOALIE,VETERAN,SOLID_STARTER
Gordie Howe,NHL,WINGER,RETIRED_HOF,RETIRED_ICON
Henrik Lundqvist,NHL,GOALIE,RETIRED_HOF,RETIRED_ICON
Igor Shesterkin,NHL,GOALIE,PRIME,FRANCHISE_CORE
Jack Hughes,NHL,CENTER,PRIME,FRANCHISE_CORE
Jason Robertson,NHL,WINGER,PRIME,FRANCHISE_CORE
Jeremy Swayman,NHL,GOALIE,PRIME,FRANCHISE_CORE
John Carlson,NHL,DEFENSEMAN,PRIME,FRANCHISE_CORE
Johnny Gaudreau,NHL,WINGER,PRIME,SOLID_STARTER
Jordan Binnington,NHL,GOALIE,PRIME,SOLID_STARTER
Juuse Saros,NHL,GOALIE,PRIME,FRANCHISE_CORE
Kirill Kaprizov,NHL,WINGER,PRIME,FRANCHISE_CORE
Leon Draisaitl,NHL,CENTER,PRIME,FRANCHISE_CORE
Marc-Andre Fleury,NHL,GOALIE,RETIRED_HOF,RETIRED_ICON
Mario Lemieux,NHL,CENTER,RETIRED_HOF,RETIRED_ICON
Mark Messier,NHL,CENTER,RETIRED_HOF,RETIRED_ICON
Mark Stone,NHL,WINGER,PRIME,FRANCHISE_CORE
Martin Brodeur,NHL,GOALIE,RETIRED_HOF,RETIRED_ICON
Matthew Barzal,NHL,CENTER,PRIME,FRANCHISE_CORE
Matthew Tkachuk,NHL,WINGER,PRIME,FRANCHISE_CORE
Mika Zibanejad,NHL,CENTER,PRIME,FRANCHISE_CORE
Mikko Rantanen,NHL,WINGER,PRIME,FRANCHISE_CORE
Miro Heiskanen,NHL,DEFENSEMAN,PRIME,FRANCHISE_CORE
Mitch Marner,NHL,WINGER,PRIME,FRANCHISE_CORE
Nathan MacKinnon,NHL,CENTER,PRIME,FRANCHISE_CORE
Nikita Kucherov,NHL,WINGER,PRIME,FRANCHISE_CORE
Patrick Kane,NHL,WINGER,PRIME,FRANCHISE_CORE
Quinn Hughes,NHL,DEFENSEMAN,PRIME,FRANCHISE_CORE
Rasmus Dahlin,NHL,DEFENSEMAN,PRIME,FRANCHISE_CORE
Roman Josi,NHL,DEFENSEMAN,PRIME,FRANCHISE_CORE
Sebastian Aho,NHL,CENTER,PRIME,FRANCHISE_CORE
Sidney Crosby,NHL,CENTER,VETERAN,FRANCHISE_CORE
Steven Stamkos,NHL,CENTER,PRIME,FRANCHISE_CORE
Tage Thompson,NHL,CENTER,PRIME,FRANCHISE_CORE
Tim Stutzle,NHL,CENTER,PRIME,FRANCHISE_CORE
Trevor Zegras,NHL,CENTER,PRIME,SOLID_STARTER
Victor Hedman,NHL,DEFENSEMAN,PRIME,FRANCHISE_CORE
Wayne Gretzky,NHL,CENTER,RETIRED_HOF,RETIRED_ICON
William Nylander,NHL,WINGER,PRIME,FRANCHISE_CORE
Zdeno Chara,NHL,DEFENSEMAN,RETIRED_HOF,RETIRED_ICON